Index,RecSession,HitNumber,IiwaNumber,DesiredFlux,HittingFlux,DistanceTraveled,HittingInertia,AttractorPos,HittingPos,ObjectOrientation,HittingOrientation,ObjectPosStart,ObjectPosEnd
0,2024-05-08_16:27:34,75,7,0.87,0.9272371530532837,0.3491383181689316,5.251032227533245,[0.56428802 0.18989523 0.2208716 ],[0.55062717 0.17187198 0.24120864],[-4.41580359e-03  2.45449628e-04 -1.22471033e-02  9.99915242e-01],[-0.71118617  0.02271773 -0.01971908  0.7023598 ],[0.56412363 0.30032656 0.2807284 ],[0.58992386 0.64850706 0.27922806]
1,2024-05-08_16:27:34,89,7,0.821,0.8811965584754944,0.3642776876524318,5.203969351971164,[0.57827187 0.18576892 0.22104082],[0.57364213 0.18285728 0.22367865],[-6.57048961e-03 -7.28789077e-04 -1.33806188e-02  9.99888599e-01],[-0.7123003   0.01246028 -0.01814696  0.70152956],[0.57661664 0.29911381 0.2814447 ],[0.60200298 0.6624946  0.27858648]
2,2024-05-08_16:27:34,142,7,0.543,0.6248073577880859,0.187148709803786,5.281515939571698,[0.54451537 0.1909873  0.22097173],[0.55379272 0.1812415  0.22910292],[-0.0043069   0.00101657 -0.01020006  0.99993819],[-0.71089405  0.01078396 -0.01296967  0.70309681],[0.54442501 0.30158082 0.28068009],[0.54585391 0.48872221 0.27984434]
3,2024-05-08_16:27:34,69,7,0.883,0.9375619888305664,0.33944763419876844,5.364811691602285,[0.56260943 0.19456239 0.22076836],[0.54533845 0.18250372 0.23477662],[-4.88558132e-03  7.90345075e-04 -8.22894555e-03  9.99953866e-01],[-0.71181571  0.01971264 -0.0213903   0.70176363],[0.56239206 0.30499992 0.28080359],[0.59768128 0.6426034  0.27899879]
4,2024-05-08_16:27:34,43,7,0.997,1.0194921493530273,0.4243037599644589,5.301832232367495,[0.57541615 0.19832321 0.22036543],[0.55217904 0.17731494 0.24158093],[-4.90087504e-03  4.48699662e-04 -2.32829107e-03  9.99985158e-01],[-0.71113622  0.02684645 -0.02296131  0.7021662 ],[0.57457602 0.30959693 0.28071058],[0.59499741 0.73340404 0.27866668]
5,2024-05-08_16:27:34,104,7,0.728,0.7970088124275208,0.2832978224211795,5.35184652197855,[0.5639298  0.19578658 0.22099376],[0.55512297 0.18643793 0.24061911],[-4.70824447e-03  8.39606582e-05 -2.78347768e-02  9.99601424e-01],[-0.71320397  0.0209896  -0.01888316  0.70038772],[0.5635494  0.30708587 0.28111255],[0.54904425 0.5900085  0.27968258]
6,2024-05-08_16:27:34,57,7,0.92,0.9604796171188354,0.37248583715771766,5.35513150537601,[0.56590772 0.19395052 0.22069815],[0.54597849 0.18126583 0.23571229],[-5.97682688e-03  6.21786457e-05 -1.85553320e-02  9.99809980e-01],[-0.71193266  0.02110139 -0.02331754  0.70154321],[0.56467807 0.30608556 0.28113881],[0.58429742 0.67804933 0.27920631]
7,2024-05-08_16:27:34,128,7,0.622,0.7014668583869934,0.21901630189541346,5.3389421682773,[0.55849016 0.19336163 0.22074243],[0.55171704 0.18188617 0.25069943],[-6.45029126e-03  8.75781465e-04 -2.37943232e-02  9.99695659e-01],[-0.71073824  0.02558448 -0.01418853  0.70284796],[0.55831796 0.30510682 0.28092888],[0.56302613 0.52406853 0.27960953]
8,2024-05-08_16:27:34,63,7,0.9,0.9386113286018372,0.34996637927437174,5.472374275964332,[0.55733961 0.19575377 0.22073621],[0.53358316 0.18488787 0.24553159],[-6.66720327e-03 -2.59950320e-04 -1.93121955e-02  9.99791265e-01],[-0.71249664  0.02779962 -0.0244072   0.70069963],[0.55582583 0.30829921 0.28123206],[0.57626516 0.65766335 0.27938706]
9,2024-05-08_16:27:34,15,7,1.158,1.0529817342758179,0.47788137597792923,5.414188738538825,[0.5704931  0.20164628 0.22046083],[0.5442993  0.18688805 0.23104548],[-6.09923527e-03  5.54325583e-04  7.98491645e-04  9.99980927e-01],[-0.71160328  0.0189094  -0.02778181  0.70177728],[0.5694223  0.31376344 0.28112051],[0.5865857  0.79133099 0.27882722]
10,2024-05-08_16:27:34,131,7,0.593,0.6713654398918152,0.2149447973818339,5.351766284226744,[0.55934983 0.19266357 0.22089013],[0.55489761 0.18436229 0.25820309],[-5.12834638e-03  3.99213255e-04 -2.91348565e-02  9.99562263e-01],[-0.71050847  0.03079103 -0.0098624   0.70294553],[0.55872053 0.30489129 0.28124994],[0.54138976 0.51913106 0.27975702]
11,2024-05-08_16:27:34,139,7,0.557,0.6422556042671204,0.20779091188077112,5.188444702775792,[0.55731827 0.1895899  0.22073597],[0.56647682 0.17725907 0.22934803],[-5.70885511e-03  6.17617683e-04 -1.77397951e-02  9.99826133e-01],[-0.71008992  0.0105285  -0.01263028  0.70391893],[0.55662459 0.30139425 0.28127384],[0.53026193 0.50750041 0.2797488 ]
12,2024-05-08_16:27:34,47,7,0.982,1.0088112354278564,0.40998038968635375,5.299991549564961,[0.56924742 0.18913151 0.22091633],[0.55043262 0.17685483 0.24211024],[-3.97033617e-03 -3.25917703e-04 -9.58911330e-03  9.99946117e-01],[-0.71300679  0.0240748  -0.02220018  0.70039195],[0.56868815 0.30029544 0.28104243],[0.58234066 0.71004403 0.27913797]
13,2024-05-08_16:27:34,91,7,0.801,0.8674420118331909,0.2878279722171759,5.206710446912611,[0.56861043 0.18613397 0.22073248],[0.56127453 0.17308886 0.24050656],[-0.00488809  0.00104951 -0.00605458  0.99996918],[-0.71094084  0.02104607 -0.01745995  0.70271999],[0.56807888 0.2964271  0.28080443],[0.61427188 0.58052218 0.27973941]
14,2024-05-08_16:27:34,74,7,0.872,0.9322421550750732,0.3399190803366577,5.248749988756957,[0.57139266 0.19216405 0.22081524],[0.55922794 0.1766637  0.24003315],[-5.36682969e-03  7.06124338e-05 -1.28204115e-02  9.99903381e-01],[-0.71154433  0.01938256 -0.02134332  0.70204943],[0.57023555 0.30376616 0.28101209],[0.59632796 0.64267528 0.27882665]
15,2024-05-08_16:27:34,16,7,1.154,1.049585223197937,0.462497647726695,5.422257600944495,[0.55810243 0.19294493 0.22061279],[0.5272491  0.17707564 0.23608036],[-6.80870237e-03  7.18710420e-04 -5.01009810e-04  9.99976456e-01],[-0.71025163  0.02330749 -0.02960352  0.70293885],[0.55752307 0.30471349 0.28076306],[0.57283837 0.76695287 0.27869734]
16,2024-05-08_16:27:34,14,7,1.161,1.048532485961914,0.14742096205913993,5.70551963744554,[0.57548064 0.21587031 0.22176194],[0.53755665 0.21077861 0.23665895],[-6.41856063e-03  3.84705141e-04  2.55665346e-03  9.99976039e-01],[-0.71342778  0.02499128 -0.03119736  0.6995877 ],[0.57509977 0.32720897 0.28125158],[0.58565867 0.4742505  0.28076348]
17,2024-05-08_16:27:34,48,7,0.965,0.9833238124847412,0.3925333558602606,5.512632487985733,[0.55886108 0.19529118 0.22087973],[0.53471166 0.19042991 0.24377649],[-6.08802121e-03 -7.25474209e-04 -1.24728782e-02  9.99903440e-01],[-0.71591192  0.02597123 -0.02429411  0.69728428],[0.55757141 0.3075186  0.28137892],[0.56892079 0.69988233 0.27929741]
18,2024-05-08_16:27:34,42,7,0.998,1.023492693901062,0.4545667757078911,5.252152100078553,[0.57023263 0.18817882 0.22092113],[0.55185467 0.17437445 0.22895998],[-4.34068125e-03  3.06781614e-04 -1.56139722e-02  9.99868631e-01],[-0.71047789  0.01391391 -0.02390771  0.70317566],[0.56980032 0.29951516 0.28100032],[0.58243626 0.75390166 0.27895269]
19,2024-05-08_16:27:34,126,7,0.638,0.720956563949585,0.232201418371387,5.102383479159099,[0.57518363 0.19228987 0.22086546],[0.5812335  0.18030684 0.24656624],[-4.56799706e-03  2.90035416e-04 -3.84901976e-03  9.99982119e-01],[-0.70924312  0.02048079 -0.01015438  0.70459324],[0.57508993 0.30271462 0.28081447],[0.61013132 0.53225428 0.27974543]
20,2024-05-08_16:27:34,99,7,0.745,0.8256232738494873,0.2692038927312359,5.242780878674012,[0.55532134 0.19075926 0.22057194],[0.56208146 0.1797003  0.23176332],[-6.15435420e-03  7.23486592e-04 -1.37584722e-02  9.99886155e-01],[-0.71446335  0.02040164 -0.01392597  0.69923669],[0.55487514 0.30209431 0.28061768],[0.56691039 0.57102609 0.2793574 ]
21,2024-05-08_16:27:34,44,7,0.996,1.0243993997573853,0.4146009385599206,5.282353209727376,[0.56478685 0.19245572 0.2207993 ],[0.54502112 0.17353882 0.23230094],[-4.16411133e-03  1.33694324e-04  1.62871915e-03  9.99989986e-01],[-0.71040303  0.01850964 -0.02125981  0.70323038],[0.56455994 0.30362287 0.28091323],[0.59609395 0.71701902 0.27913353]
22,2024-05-08_16:27:34,110,7,0.715,0.7816952466964722,0.2576304318134188,5.230722248623532,[0.56193894 0.19474156 0.22073761],[0.55337209 0.16950347 0.25463721],[-4.46560187e-03  6.46886823e-04 -3.11420783e-02  9.99504805e-01],[-0.71124411  0.02523221 -0.01922923  0.7022289 ],[0.56143475 0.30590397 0.28104943],[0.55609137 0.56347454 0.27953553]
23,2024-05-08_16:27:34,11,7,1.165,1.069683313369751,0.44012666872153133,5.232367030056329,[0.57787377 0.19122364 0.22078189],[0.55931592 0.17566322 0.22802112],[-6.30866829e-03  8.08478042e-04 -9.69720888e-04  9.99979317e-01],[-0.7073279   0.0173771  -0.02369074  0.70627475],[0.57666945 0.30322695 0.28141469],[0.63824862 0.73902118 0.27971882]
24,2024-05-08_16:27:34,50,7,0.96,0.9862101674079895,0.37804730856995633,5.429354137013782,[0.56414562 0.19462018 0.22082454],[0.54246354 0.18646233 0.24222925],[-6.07581716e-03  8.04756302e-04 -2.58546993e-02  9.99646902e-01],[-0.71467078  0.0252211  -0.02384221  0.6985994 ],[0.56321549 0.30582026 0.28096908],[0.57393205 0.68370837 0.27862456]
25,2024-05-08_16:27:34,30,7,1.06,1.0369970798492432,0.4490841977026627,5.251340401700302,[0.56649286 0.18847011 0.2206195 ],[0.54668832 0.16881372 0.2423415 ],[-4.97379201e-03 -2.43763658e-04  9.35490360e-04  9.99987185e-01],[-0.71126223  0.02592228 -0.02359161  0.70205235],[0.56586272 0.30013615 0.28115261],[0.58741003 0.74869949 0.27934647]
26,2024-05-08_16:27:34,135,7,0.575,0.6517857313156128,0.0011364755551171756,4.8515757767008365,[0.54746073 0.1907836  0.22078925],[0.55281401 0.12128654 0.25482914],[-4.94022295e-03 -1.38747009e-05 -7.27040693e-03  9.99961376e-01],[-0.6998049   0.02523758 -0.00669121  0.7138567 ],[0.54702628 0.30177405 0.28119591],[0.54665655 0.3028352  0.28102604]
27,2024-05-08_16:27:34,60,7,0.908,0.9600664377212524,0.3766851557923368,5.2771509727941,[0.57591742 0.19455589 0.2207031 ],[0.55914217 0.17964514 0.23936872],[-5.15890867e-03  4.11857443e-04 -1.79037601e-02  9.99826312e-01],[-0.71185124  0.0214709  -0.0214323   0.70167476],[0.57517052 0.30612999 0.28111163],[0.59135443 0.68246073 0.27888301]
28,2024-05-08_16:27:34,65,7,0.892,0.9335476756095886,0.34264449978226497,5.375662647147338,[0.56012923 0.19616099 0.22055396],[0.53915435 0.17871091 0.24367191],[-4.63994173e-03 -1.68931685e-04 -1.67807676e-02  9.99848425e-01],[-0.71384424  0.02587931 -0.02247268  0.69946527],[0.55987138 0.30755174 0.2810038 ],[0.5735141  0.64992046 0.27933425]
29,2024-05-08_16:27:34,79,7,0.862,0.9275485277175903,0.33920430825219944,5.2431347835808895,[0.57533938 0.18931185 0.22100791],[0.56019402 0.17562066 0.24476913],[-7.05694966e-03 -9.70454785e-05 -1.01846522e-02  9.99923229e-01],[-0.71144491  0.02445436 -0.01899854  0.70205927],[0.57411557 0.30198103 0.28130487],[0.6080507  0.63947862 0.2794759 ]
30,2024-05-08_16:27:34,49,7,0.963,0.9841181039810181,0.3800092292743909,5.45180554004131,[0.56208444 0.1999328  0.22059429],[0.53438747 0.18563442 0.23261613],[-4.64055175e-03 -3.15120792e-06 -2.17895173e-02  9.99751806e-01],[-0.715913    0.0253541  -0.02168904  0.69739181],[0.56136662 0.3110466  0.28095078],[0.57457119 0.69082177 0.27908626]
31,2024-05-08_16:27:34,101,7,0.741,0.817352831363678,0.2714497078708928,5.247462100304305,[0.554847   0.19020195 0.22074741],[0.55879521 0.17900911 0.22773187],[-4.96689091e-03  3.18961364e-04 -7.94435851e-03  9.99956071e-01],[-0.71459275  0.01791359 -0.01541347  0.69914144],[0.55400676 0.30113724 0.28085154],[0.57414055 0.57183629 0.27958804]
32,2024-05-08_16:27:34,133,7,0.581,0.6635596752166748,0.21144879761941507,5.277216124255969,[0.53910679 0.19479515 0.22161272],[0.54824489 0.17846492 0.22384937],[-4.63852426e-03  1.38699746e-04 -1.69082712e-02  9.99846280e-01],[-0.71128625  0.00915238 -0.01348294  0.70271355],[0.53951764 0.3045072  0.28092438],[0.51538163 0.51456916 0.27950415]
33,2024-05-08_16:27:34,132,7,0.584,0.6650264263153076,0.1823387814173303,5.31110361552119,[0.55456018 0.19127108 0.22074699],[0.55117762 0.17756908 0.25949827],[-4.63857595e-03  5.99017367e-04 -1.87278409e-02  9.99813676e-01],[-0.71005815  0.03647306 -0.00470547  0.70318204],[0.55445147 0.30196384 0.28076577],[0.56620055 0.48392215 0.28001696]
34,2024-05-08_16:27:34,109,7,0.715,0.7874823212623596,0.2666385247419992,5.260814857651824,[0.56623787 0.19069813 0.22059104],[0.55717951 0.17527595 0.25226986],[-5.03152143e-03  2.54487881e-04 -3.00005600e-02  9.99537170e-01],[-0.71162647  0.02724579 -0.01773852  0.70180535],[0.57006782 0.30181292 0.28116935],[0.56641752 0.56842119 0.27949318]
35,2024-05-08_16:27:34,107,7,0.718,0.7967796921730042,0.2896930310061585,5.232881108893647,[0.55902237 0.19304921 0.22064364],[0.56503361 0.18080148 0.23020552],[-4.44772700e-03 -1.39118172e-04 -2.50046495e-02  9.99677420e-01],[-0.71435219  0.0170073  -0.014418    0.69943106],[0.55862862 0.30411547 0.28102744],[0.5142507  0.59038365 0.27924296]
36,2024-05-08_16:27:34,146,7,0.527,0.6046329736709595,0.1487931981475808,5.397677374935806,[0.549362   0.19133411 0.22042015],[0.54578745 0.18454733 0.25871468],[-5.76676382e-03 -2.82425928e-04 -1.63657386e-02  9.99849379e-01],[-0.71035248  0.02440315 -0.01386334  0.70328635],[0.54841095 0.30337909 0.28131247],[0.56696922 0.45100737 0.28036466]
37,2024-05-08_16:27:34,106,7,0.724,0.7820950150489807,0.23985729173815837,5.3661067728594345,[0.55996114 0.19500907 0.220828  ],[0.55106127 0.18298297 0.25749132],[-4.28590039e-03  2.77755986e-04 -2.66079511e-02  9.99636710e-01],[-0.71433288  0.02794221 -0.02173964  0.69890994],[0.55933321 0.30595824 0.28089252],[0.56912971 0.54561204 0.27962482]
38,2024-05-08_16:27:34,19,7,1.135,1.0644476413726807,0.47304978696619565,5.167542478942351,[0.58321381 0.19110353 0.22013393],[0.5649212  0.17091998 0.22882663],[-4.17815940e-03  6.98467600e-04  1.76371005e-03  9.99989450e-01],[-0.70809889  0.01587988 -0.02337213  0.70554769],[0.58289564 0.30241719 0.28050262],[0.62618935 0.77347893 0.27889147]
39,2024-05-08_16:27:34,77,7,0.867,0.9221171140670776,0.34688220334436654,5.3521235314309195,[0.55796492 0.19242908 0.22059724],[0.54200435 0.17823084 0.24273363],[-6.09842455e-03  3.49330658e-04 -1.26765659e-02  9.99900997e-01],[-0.71259427  0.02341012 -0.0209876   0.70087153],[0.55724508 0.30387595 0.28083822],[0.57889688 0.65007848 0.27932966]
40,2024-05-08_16:27:34,114,7,0.694,0.7622298002243042,0.0668321158454947,5.424706411390476,[0.56203747 0.19503276 0.22151098],[0.55172455 0.1914521  0.24933615],[-5.23598865e-03 -2.56104133e-04 -2.00513545e-02  9.99785185e-01],[-0.71286422  0.02459924 -0.01640424  0.70067847],[0.56198078 0.30602524 0.28112239],[0.56685501 0.37267831 0.28074625]
41,2024-05-08_16:27:34,115,7,0.692,0.7673794031143188,0.296350146521808,5.165364822862164,[0.5626173  0.19231291 0.22100458],[0.57144147 0.17905632 0.21796763],[-4.01245570e-03 -2.85288988e-04 -2.13276837e-02  9.99764442e-01],[-0.71152759  0.010246   -0.0107702   0.70250094],[0.56219071 0.30358723 0.28112951],[0.49506408 0.59222949 0.27937683]
42,2024-05-08_16:27:34,86,7,0.828,0.8909042477607727,0.318469504193752,5.29714135018849,[0.56336695 0.19525383 0.22165212],[0.55998254 0.18438655 0.2316193 ],[-5.05139865e-03 -6.06783782e-04 -2.12848429e-02  9.99760509e-01],[-0.71477211  0.01872345 -0.01903574  0.69884753],[0.56334454 0.3054246  0.28079733],[0.56943071 0.62383008 0.27886486]
43,2024-05-08_16:27:34,78,7,0.863,0.923125684261322,0.32861711785580006,5.257575333806061,[0.57142144 0.19139527 0.22079888],[0.55714381 0.17837517 0.23020509],[-4.44763154e-03  3.77130578e-04 -2.19717831e-03  9.99987602e-01],[-0.71256065  0.01454349 -0.02096105  0.70114648],[0.57130146 0.3017742  0.28076333],[0.62031901 0.62671196 0.27936989]
44,2024-05-08_16:27:34,3,7,1.19,1.0826576948165894,0.5126765965286005,4.952128539981385,[0.57664478 0.16001619 0.22136217],[0.57119161 0.14870891 0.22057226],[-5.45277866e-03 -3.41661289e-05  3.80429759e-04  9.99985039e-01],[-0.70714962  0.00990824 -0.01709767  0.70678777],[0.5763455  0.27137643 0.28166106],[0.64981335 0.77875572 0.27920747]
45,2024-05-08_16:27:34,20,7,1.113,1.060510277748108,0.46980727477735323,5.258367535632292,[0.5769881  0.18893899 0.22065029],[0.55657965 0.17591797 0.23558491],[-6.84274407e-03 -5.62036039e-05  4.94771579e-04  9.99976456e-01],[-0.7096945   0.01939905 -0.0250099   0.70379817],[0.575854   0.30174091 0.28125697],[0.60718918 0.77049273 0.27830479]
46,2024-05-08_16:27:34,141,7,0.551,0.635047972202301,0.1704310839739807,5.363426359572875,[0.54877502 0.19085984 0.2205666 ],[0.54508394 0.18034598 0.25764248],[-6.20754296e-03  8.21694703e-05 -1.16131864e-02  9.99913275e-01],[-0.7098645   0.03250586 -0.00704163  0.70355254],[0.54796356 0.30322766 0.28104389],[0.56525779 0.47277638 0.28009754]
47,2024-05-08_16:27:34,143,7,0.536,0.624214231967926,0.16184429328233146,5.297737241362869,[0.55346757 0.19041033 0.22087827],[0.54996306 0.17635292 0.25335115],[-4.51548491e-03  3.38966900e-04 -1.33037642e-02  9.99901235e-01],[-0.70928901  0.02380005 -0.0131832   0.70439255],[0.55322015 0.30156046 0.28094402],[0.57072884 0.46245345 0.28026143]
48,2024-05-08_16:27:34,117,7,0.684,0.7477138042449951,0.2574173340110387,5.572382370380962,[0.56942427 0.22140898 0.22084385],[0.55928272 0.21222183 0.24729669],[-0.0053925   0.00100008 -0.04096954  0.99914533],[-0.71662176  0.02139981 -0.02118193  0.6968118 ],[0.56857216 0.33354425 0.2810435 ],[0.48525834 0.57710218 0.27962029]
49,2024-05-08_16:27:34,111,7,0.701,0.7743602991104126,0.26131587448938864,5.290631670804403,[0.56484592 0.1929716  0.22061479],[0.55585718 0.17850511 0.24928308],[-4.52458486e-03  7.45108176e-04 -2.47064512e-02  9.99684215e-01],[-0.71103185  0.02339097 -0.0187288   0.70252103],[0.56379306 0.30378264 0.28084278],[0.56488144 0.56509298 0.27953571]
50,2024-05-08_16:27:34,130,7,0.596,0.6804955005645752,0.22179677374026424,5.328097931319647,[0.55958611 0.19340147 0.22092733],[0.55733573 0.18343577 0.25658771],[-5.35723707e-03  8.89799150e-04 -3.00289690e-02  9.99534249e-01],[-0.71064734  0.02334137 -0.01569665  0.70298588],[0.55905473 0.30539179 0.281131  ],[0.52531463 0.52460402 0.27994326]
51,2024-05-08_16:27:34,92,7,0.796,0.8630427122116089,0.305638007019303,5.238029093993735,[0.57083946 0.19118835 0.22070998],[0.56114841 0.17679022 0.23973021],[-4.54446906e-03 -4.29438114e-06 -1.83979943e-02  9.99820411e-01],[-0.71136963  0.01945559 -0.01913989  0.70228791],[0.57010549 0.30216688 0.28102571],[0.58814466 0.60726953 0.27977872]
52,2024-05-08_16:27:34,64,7,0.894,0.9463884234428406,0.3777704780396165,5.283043928730366,[0.5556795  0.19421963 0.22070342],[0.54843837 0.17636295 0.22799259],[-5.04724542e-03 -7.31791224e-05 -5.26247919e-03  9.99973416e-01],[-0.71628881  0.02146659 -0.01950851  0.69720078],[0.55492705 0.30572933 0.28105259],[0.57216048 0.68310219 0.27924517]
53,2024-05-08_16:27:34,84,7,0.844,0.904441237449646,0.3302513608841141,5.321629304141775,[0.57027918 0.19350488 0.22091821],[0.5536561  0.18347615 0.23250526],[-4.17541992e-03 -2.60610221e-04 -2.11094450e-02  9.99768436e-01],[-0.71507215  0.02007255 -0.01814944  0.69852668],[0.56979471 0.30471143 0.28099445],[0.57525367 0.63491547 0.27978891]
54,2024-05-08_16:27:34,108,7,0.716,0.78619784116745,0.3012442849420744,5.190039719054087,[0.5666911  0.19532494 0.22076407],[0.56927216 0.17885721 0.22515322],[-4.21289774e-03  3.28324910e-04 -2.79120635e-02  9.99601424e-01],[-0.71165764  0.01141189 -0.01661994  0.70223713],[0.56657648 0.305713   0.28078043],[0.50174773 0.59989506 0.27927503]
55,2024-05-08_16:27:34,34,7,1.049,1.0216411352157593,0.3960152053443116,5.437406179658798,[0.56034225 0.19717769 0.22041103],[0.53327751 0.18174508 0.23844802],[-0.00536257  0.00109603  0.00845863  0.99994922],[-0.71197671  0.02529614 -0.02757135  0.70120543],[0.55937415 0.30884856 0.28089753],[0.5998047  0.70279157 0.27937526]
56,2024-05-08_16:27:34,149,7,0.513,0.592908501625061,0.17691366533969544,5.280875070999109,[0.55519032 0.19081227 0.22084773],[0.55928081 0.18160132 0.24338733],[-5.55078499e-03 -3.09348950e-04 -1.56528931e-02  9.99862015e-01],[-0.70877445  0.01814622 -0.01130148  0.70511121],[0.55451936 0.30324429 0.28117061],[0.56340355 0.4799301  0.27988973]
57,2024-05-08_16:27:34,93,7,0.787,0.854569137096405,0.2748575636438796,5.230322322997628,[0.56685013 0.19012485 0.22077286],[0.56053048 0.17592783 0.23718241],[-5.34738880e-03  6.90692614e-05 -6.82647899e-03  9.99962389e-01],[-0.71036065  0.01875636 -0.0181213   0.70335448],[0.56605357 0.3011018  0.28090641],[0.61549765 0.57147121 0.27937502]
58,2024-05-08_16:27:34,68,7,0.885,0.9335619807243347,0.015763920158325975,5.41049589473388,[0.57007748 0.19526742 0.22108334],[0.54945344 0.18937071 0.23901881],[-6.80381246e-03 -5.12702158e-04 -5.39436005e-03  9.99962151e-01],[-0.71483171  0.02166549 -0.0216296   0.69862604],[0.56870252 0.30778739 0.28124252],[0.57120466 0.32333541 0.28194928]
59,2024-05-08_16:27:34,150,7,0.501,0.5772987604141235,0.16386888864493276,5.314781099143214,[0.55850697 0.19198023 0.22065908],[0.55653876 0.18157364 0.2576454 ],[-6.10306254e-03  6.42894069e-04 -2.51112152e-02  9.99665856e-01],[-0.709445    0.02140523 -0.01552397  0.70426458],[0.55769962 0.30410767 0.28128535],[0.55112022 0.4678396  0.280029  ]
60,2024-05-08_16:27:34,72,7,0.875,0.9323311448097229,0.360172953677028,5.2712699066268,[0.58007938 0.19322605 0.22126079],[0.57247978 0.18986204 0.22525531],[-4.80553648e-03 -3.87395528e-04 -1.90152917e-02  9.99807596e-01],[-0.71625054  0.01904549 -0.01673028  0.69738263],[0.57993233 0.30376396 0.28137234],[0.57882404 0.66392958 0.27935982]
61,2024-05-08_16:27:34,45,7,0.989,1.0044292211532593,0.3827215262208798,5.32310923703189,[0.56338739 0.19225781 0.22067282],[0.54202449 0.17471473 0.24179648],[-6.48399908e-03  3.88920307e-04  6.24678656e-03  9.99959409e-01],[-0.71324646  0.02483502 -0.02315315  0.70009047],[0.56212229 0.30435902 0.2812424 ],[0.6001395  0.68518347 0.27945384]
62,2024-05-08_16:27:34,83,7,0.849,0.9061784744262695,0.3324292736689011,5.325244897168899,[0.5709796 0.1930355 0.2209647],[0.55848742 0.1850186  0.2406508 ],[-5.24751050e-03 -5.77945204e-04 -2.40172688e-02  9.99697626e-01],[-0.71344     0.02167193 -0.02024715  0.70008838],[0.56996071 0.30500054 0.28122506],[0.57763135 0.63733602 0.27934963]
63,2024-05-08_16:27:34,138,7,0.559,0.6424511671066284,0.17252633625906763,5.3380511973194595,[0.55587989 0.19039322 0.22065929],[0.55106622 0.18049753 0.26029608],[-4.89577558e-03  5.15833963e-04 -1.18247615e-02  9.99917984e-01],[-0.71017861  0.03594369 -0.00504186  0.70308536],[0.55524689 0.30156371 0.2811169 ],[0.56946564 0.47349983 0.28005248]
64,2024-05-08_16:27:34,6,7,1.182,1.0748653411865234,0.46712888009633696,5.203035318128625,[0.58236808 0.18730672 0.22070792],[0.56190509 0.17337936 0.22950561],[-4.89059091e-03  1.75538444e-04 -1.23225688e-03  9.99987245e-01],[-0.70774484  0.01465483 -0.02526161  0.70586425],[0.58164895 0.29881516 0.28123319],[0.6198802  0.76437402 0.27958614]
65,2024-05-08_16:27:34,144,7,0.533,0.6152054071426392,0.16034207915890916,5.308137327974009,[0.55502427 0.19044046 0.2209225 ],[0.5540424  0.17929804 0.25825912],[-4.56961477e-03 -1.51644825e-04 -1.28390351e-02  9.99907136e-01],[-0.70864159  0.03357626 -0.00370251  0.70475954],[0.55484957 0.30098256 0.28117132],[0.57531738 0.46000841 0.2799753 ]
66,2024-05-08_16:27:34,140,7,0.556,0.6403529644012451,0.1755786942240148,5.33422569792224,[0.5582822  0.1925381  0.22057486],[0.55383366 0.18250377 0.2543169 ],[-6.00345619e-03  6.39700011e-05 -4.52197902e-03  9.99971747e-01],[-0.71130037  0.02281331 -0.01578449  0.70234048],[0.55736798 0.30448765 0.28117698],[0.56997395 0.47960964 0.28005666]
67,2024-05-08_16:27:34,29,7,1.066,1.0430006980895996,0.4698170785420032,5.2978192130233035,[0.56792939 0.18978147 0.22067004],[0.54696125 0.17441526 0.24122578],[-4.31853160e-03 -3.40962230e-04 -6.27928833e-03  9.99970913e-01],[-0.71166646  0.02513038 -0.02388498  0.70166147],[0.56709659 0.30104488 0.28108805],[0.58088505 0.77065498 0.27900857]
68,2024-05-08_16:27:34,96,7,0.773,0.8340676426887512,0.29054141013955526,5.360970451933225,[0.5508824  0.19261225 0.22056848],[0.53889465 0.18193606 0.24782845],[-5.21032885e-03  5.22286224e-04 -1.68494415e-02  9.99844313e-01],[-0.71300876  0.0269569  -0.01904244  0.70037788],[0.55018097 0.30413166 0.28107765],[0.56793672 0.59412503 0.27937865]
69,2024-05-08_16:27:34,87,7,0.824,0.8831011056900024,0.3076439882338944,5.2969958476564205,[0.56588757 0.19792639 0.22093183],[0.55514401 0.18069386 0.23659603],[-3.91906826e-03 -3.72719587e-05 -1.50285745e-02  9.99879360e-01],[-0.71214646  0.01926562 -0.01930458  0.70150095],[0.56585431 0.30816224 0.28064775],[0.58704305 0.61507368 0.27953881]
70,2024-05-08_16:27:34,1,7,1.194,1.0913292169570923,0.6991239273112739,4.870506915786922,[0.57979923 0.15826426 0.22175345],[0.58410019 0.1468167  0.21271215],[-5.54350903e-03  1.57624701e-04 -7.69929844e-04  9.99984324e-01],[-0.70609671  0.00550697 -0.00976458  0.70802671],[0.57954925 0.26956829 0.28198522],[0.62418306 0.96725726 0.27849317]
71,2024-05-08_16:27:34,152,7,1.192,1.0535835027694702,0.4580238631964714,5.542608689332144,[0.55852729 0.19423045 0.22070602],[0.52220589 0.18563196 0.2373725 ],[-4.76189470e-03  1.00701414e-04 -3.58575471e-02  9.99345541e-01],[-0.71147406  0.0258965  -0.03175452  0.70151669],[0.55806553 0.30557635 0.28095791],[0.53654265 0.76308793 0.2785528 ]
72,2024-05-08_16:27:34,23,7,1.107,1.0357301235198975,0.4460194038721242,5.52566542538134,[0.55825144 0.19995989 0.22099164],[0.52858979 0.18679267 0.24592417],[-5.16144466e-03 -1.89468017e-04  1.20891433e-03  9.99985933e-01],[-0.71416807  0.03181919 -0.02733608  0.69871616],[0.55766964 0.31141624 0.28105918],[0.56680048 0.75733697 0.27890649]
73,2024-05-08_16:27:34,88,7,0.823,0.8891710638999939,0.2981914976301687,5.246003011167586,[0.57279778 0.19260944 0.22174001],[0.55871564 0.17513493 0.24641079],[-4.48089838e-03  4.36048198e-04 -1.57224927e-02  9.99866247e-01],[-0.71018261  0.02251684 -0.01907372  0.70339876],[0.57303417 0.30237296 0.28107253],[0.60369247 0.59898043 0.27957267]
74,2024-05-08_16:27:34,112,7,0.698,0.7674362659454346,0.2559946625655402,5.32398551210412,[0.56116366 0.19372348 0.22068763],[0.55293661 0.18034293 0.25207788],[-4.13133111e-03  3.35518780e-05 -2.95047816e-02  9.99556124e-01],[-0.71281642  0.02495368 -0.01930276  0.70064074],[0.56054908 0.30493274 0.28103158],[0.54775709 0.56060189 0.27932289]
75,2024-05-08_16:27:34,36,7,1.046,0.9022612571716309,0.06597915979827694,6.1581250866588855,[0.47058839 0.19031499 0.22008523],[0.43749827 0.1880118  0.25491905],[-4.94492287e-03  8.20539062e-05 -1.45544484e-02  9.99881864e-01],[-0.71677047  0.03740447 -0.02979768  0.69566739],[0.46990845 0.30125707 0.28067321],[0.48126164 0.36623794 0.28203031]
76,2024-05-08_16:27:34,137,7,0.563,0.6453903317451477,0.1752255225642364,5.274896976240474,[0.5542658  0.18931009 0.22046477],[0.55289131 0.17467283 0.25843886],[-5.31468447e-03  1.06844920e-04 -8.07179045e-03  9.99953270e-01],[-0.70851493  0.03589194 -0.00280911  0.70477694],[0.55317301 0.30100745 0.2810486 ],[0.57325864 0.47507507 0.28004062]
77,2024-05-08_16:27:34,76,7,0.867,0.9251902103424072,0.3441389178893833,5.292173703894281,[0.57063097 0.19382297 0.22077262],[0.55927449 0.18356936 0.23066051],[-4.49550943e-03  5.22814480e-05 -1.93903986e-02  9.99801874e-01],[-0.71502191  0.01889814 -0.01846704  0.6986025 ],[0.57011241 0.30508977 0.28105026],[0.57507497 0.64918613 0.27889132]
78,2024-05-08_16:27:34,25,7,1.096,1.0626084804534912,0.4747435749634303,5.176066285004695,[0.55786288 0.17339136 0.22075999],[0.54458737 0.16123405 0.23248854],[-5.86953200e-03  5.71335258e-04 -8.52469634e-03  9.99946296e-01],[-0.70963806  0.02273231 -0.01601627  0.7040174 ],[0.55699605 0.2853224  0.2812618 ],[0.59822631 0.75826806 0.27927941]
79,2024-05-08_16:27:34,55,7,0.924,0.9715180993080139,0.3696163663237585,5.190630625502075,[0.57769984 0.18896215 0.22084311],[0.56201643 0.17207947 0.2331595 ],[-4.26706439e-03  2.54374347e-04 -5.55628911e-03  9.99975443e-01],[-0.71037555  0.01724952 -0.02121167  0.70329165],[0.57756233 0.29932219 0.28084201],[0.61688954 0.66683376 0.2786341 ]
80,2024-05-08_16:27:34,123,7,0.657,0.7337102293968201,0.2765073934710754,5.249614270806769,[0.55177265 0.19545336 0.2205351 ],[0.55979073 0.18221402 0.22015183],[-4.52823378e-03  5.36615880e-05 -1.82055775e-02  9.99823987e-01],[-0.71186769  0.0103447  -0.0122492   0.70213062],[0.55190223 0.30667302 0.2810145 ],[0.51171494 0.58023828 0.27917963]
81,2024-05-08_16:27:34,5,7,1.183,1.0826668739318848,0.47226091958556377,5.0217041412661985,[0.57478851 0.16268335 0.22116417],[0.56379068 0.15145484 0.23380734],[-5.05309086e-03 -7.85331795e-05  9.29331465e-04  9.99986827e-01],[-0.70411801  0.01418358 -0.0205932   0.70964253],[0.57402945 0.27405477 0.28142545],[0.63976991 0.74171406 0.27959475]
82,2024-05-08_16:27:34,33,7,1.051,1.0497205257415771,0.45984785133766165,5.316750010834121,[0.57032841 0.18972079 0.22064739],[0.55082846 0.17879315 0.24043021],[-4.58521210e-03  1.08226144e-04  6.52534654e-04  9.99989271e-01],[-0.71136415  0.02494308 -0.02250884  0.70202017],[0.56949902 0.30125424 0.28113797],[0.59576023 0.76034606 0.27887899]
83,2024-05-08_16:27:34,120,7,0.671,0.7450002431869507,0.27230333452839506,5.217887541618042,[0.55577183 0.19459341 0.2206625 ],[0.56163806 0.17777975 0.22746262],[-4.40001674e-03 -2.17266133e-04 -1.77047551e-02  9.99833524e-01],[-0.71104854  0.01215112 -0.01442476  0.70288992],[0.55517232 0.30579376 0.28103551],[0.5348857  0.57733601 0.27949768]
84,2024-05-08_16:27:34,39,7,1.025,1.042568564414978,0.45153425007398257,5.248908863915413,[0.57366174 0.18843694 0.22074705],[0.55699313 0.17498201 0.24008539],[-4.36011236e-03  2.47505115e-04 -1.12918345e-02  9.99926686e-01],[-0.71090209  0.02158075 -0.02144501  0.70263261],[0.57327902 0.29955989 0.28099528],[0.58747762 0.75086612 0.27892864]
85,2024-05-08_16:27:34,129,7,0.599,0.6840534210205078,0.21420985088548325,5.311757728457335,[0.56088412 0.19385718 0.22087592],[0.55612594 0.18133405 0.252462  ],[-4.14943090e-03  8.09858437e-04 -2.31857486e-02  9.99722242e-01],[-0.71035981  0.02296693 -0.01522685  0.70329911],[0.56086576 0.30409104 0.28064826],[0.55448526 0.51820183 0.27933741]
86,2024-05-08_16:27:34,13,7,1.161,0.9077511429786682,0.2268390552828199,6.643108096710878,[0.57975179 0.29569101 0.22058949],[0.52024174 0.27439725 0.23827472],[-6.82862988e-03  1.34690272e-04 -9.29351058e-03  9.99933481e-01],[-0.71844351  0.04142942 -0.05218519  0.69238663],[0.57912791 0.40814248 0.28056511],[0.63738513 0.62737274 0.28018534]
87,2024-05-08_16:27:34,58,7,0.915,0.9647461771965027,0.3704291214699446,5.321471903921026,[0.56850886 0.19423346 0.22067127],[0.55065817 0.18015453 0.23962015],[-5.29890927e-03  5.11397724e-04 -1.99266654e-02  9.99787271e-01],[-0.71286368  0.02051521 -0.02172558  0.70066571],[0.56790906 0.30565229 0.28101563],[0.57858324 0.67592251 0.27907699]
88,2024-05-08_16:27:34,7,7,1.18,1.081296682357788,0.45691316148747385,5.109618747920447,[0.59372306 0.18990348 0.22075263],[0.5831486  0.17733201 0.21657117],[-4.56820056e-03  1.97155842e-07  1.03979175e-04  9.99989569e-01],[-0.71124715  0.00725665 -0.02272547  0.70253706],[0.59309024 0.30123875 0.28121892],[0.66405231 0.7526052  0.27968743]
89,2024-05-08_16:27:34,2,7,1.192,1.0919911861419678,0.5936928231647784,4.911693703030356,[0.58018792 0.16102554 0.22081059],[0.58234024 0.1505509  0.21758839],[-6.13566302e-03  1.55631162e-04  1.22226309e-03  9.99980390e-01],[-0.70711511  0.00552848 -0.01395475  0.7069391 ],[0.57946306 0.27385819 0.28158703],[0.65488249 0.86273348 0.27859256]
90,2024-05-08_16:27:34,94,7,0.782,0.8567623496055603,0.31286742297996273,5.208159075128287,[0.55828941 0.19211115 0.22076321],[0.56677246 0.17766427 0.2361948 ],[-5.18727954e-03 -4.29331994e-05 -1.96402241e-02  9.99793649e-01],[-0.71256512  0.02873619 -0.00525682  0.70099753],[0.55763239 0.30377987 0.28110361],[0.55234867 0.61659873 0.27953178]
91,2024-05-08_16:27:34,54,7,0.931,0.9803781509399414,0.38763263246228824,5.228883341411969,[0.57917064 0.19152562 0.22177643],[0.56678176 0.18028297 0.22931203],[-6.10679993e-03  1.89583530e-04 -7.48729985e-03  9.99953330e-01],[-0.71417254  0.01811201 -0.01993816  0.69945121],[0.5792644  0.30159712 0.28110391],[0.61462456 0.6876114  0.27980369]
92,2024-05-08_16:27:34,26,7,1.091,1.059155821800232,0.49997994762548287,5.120172271421181,[0.57270014 0.1870424  0.22065875],[0.56586856 0.16893916 0.21450274],[-3.82598722e-03 -4.89982194e-04 -6.73752185e-03  9.99969840e-01],[-0.71111703  0.01256928 -0.01728973  0.70274866],[0.57201993 0.29817423 0.2810401 ],[0.62235171 0.79561168 0.27941319]
93,2024-05-08_16:27:34,148,7,0.526,0.6067697405815125,0.15289462378064256,5.321096797233839,[0.54907864 0.18913905 0.22080463],[0.54697633 0.17657313 0.25945744],[-5.39623993e-03  3.07821465e-04 -6.56379852e-03  9.99963880e-01],[-0.70857358  0.03428666 -0.00436412  0.70478994],[0.54815352 0.30137438 0.28113499],[0.56968153 0.45274189 0.28004584]
94,2024-05-08_16:27:34,17,7,1.139,1.0601691007614136,0.43843107541949733,5.316129621015568,[0.57061946 0.19211884 0.22061136],[0.54602426 0.177717   0.22796538],[-4.25768131e-03 -5.42262394e-04  1.14192413e-02  9.99925613e-01],[-0.71023804  0.01759316 -0.02599134  0.70326161],[0.56962931 0.3045662  0.28103626],[0.61333078 0.74080896 0.27897605]
95,2024-05-08_16:27:34,134,7,0.58,0.6658347845077515,0.18485927059251375,5.366135092318917,[0.54631138 0.19100751 0.22079235],[0.54077059 0.17851813 0.25353765],[-4.41118283e-03  7.17296905e-04 -1.38078853e-02  9.99894679e-01],[-0.70965743  0.02521725 -0.01464478  0.70394313],[0.54595113 0.3021265  0.28075919],[0.56257933 0.48623464 0.27995533]
96,2024-05-08_16:27:34,53,7,0.945,0.9840784668922424,0.3548905154529953,5.275718877016202,[0.56289935 0.18656377 0.22092229],[0.5476203  0.17448184 0.23000467],[-4.98259859e-03  6.86090963e-04 -8.94489512e-03  9.99947369e-01],[-0.7101292   0.01661294 -0.02291439  0.7035023 ],[0.56276059 0.29710478 0.28094897],[0.61617118 0.64795059 0.27960664]
97,2024-05-08_16:27:34,73,7,0.874,0.9275234341621399,0.33576409877080526,5.289333988987501,[0.56644678 0.19410206 0.22067091],[0.55388677 0.18053551 0.22618796],[-5.00506489e-03 -1.81864685e-04 -8.85148067e-03  9.99948263e-01],[-0.71240491  0.01404442 -0.02257708  0.70126474],[0.56537223 0.30569211 0.28104728],[0.60130984 0.63952345 0.27941793]
98,2024-05-08_16:27:34,38,7,1.04,1.0242254734039307,0.42459566696237677,5.432733229177874,[0.56260359 0.19501109 0.22066399],[0.53789014 0.18361349 0.24262542],[-4.87936381e-03 -3.92420683e-04  3.35486419e-03  9.99982417e-01],[-0.71400541  0.02688185 -0.02574114  0.6991502 ],[0.56157154 0.30756459 0.28120157],[0.58108157 0.73170519 0.27883756]
99,2024-05-08_16:27:34,103,7,0.733,0.8033414483070374,0.285596362569801,5.2390980261124005,[0.55600095 0.19552864 0.22099921],[0.55825043 0.17798398 0.22656015],[-4.34302399e-03  2.87796312e-04 -2.67764051e-02  9.99632001e-01],[-0.7156074   0.01739233 -0.01572707  0.69810903],[0.55613649 0.30569085 0.28072321],[0.51612848 0.58846837 0.2794916 ]
100,2024-05-08_16:27:34,100,7,0.745,0.8095079064369202,0.2700041289187697,5.409193253249158,[0.5544315  0.19390453 0.22057819],[0.53983372 0.18180603 0.25140157],[-4.95232642e-03  2.89904710e-04 -3.25436424e-03  9.99982417e-01],[-0.71267188  0.02960607 -0.01921943  0.70060897],[0.55353051 0.30517599 0.28100932],[0.57567704 0.57426655 0.27958453]
101,2024-05-08_16:27:34,124,7,0.653,0.7243591547012329,0.23168833491257904,5.36789878199987,[0.55123168 0.19427298 0.22100616],[0.54670113 0.18090987 0.25878543],[-4.51803626e-03 -5.44458977e-04 -1.63950790e-02  9.99855220e-01],[-0.71114308  0.04034016 -0.00572792  0.70186567],[0.55055696 0.30543768 0.28100947],[0.56063432 0.53690243 0.27959388]
102,2024-05-08_16:27:34,90,7,0.813,0.8822206258773804,0.30367449823147313,5.1615536731832865,[0.57216042 0.18828963 0.22071877],[0.5679183  0.17436622 0.22449791],[-4.53061657e-03  3.44931177e-04 -8.87033623e-03  9.99950349e-01],[-0.71436518  0.01585267 -0.014828    0.69943637],[0.57202733 0.29866529 0.28078187],[0.60297424 0.60075426 0.2791265 ]
103,2024-05-08_16:27:34,32,7,1.056,1.0402814149856567,0.4916620160455351,5.345825139409228,[0.56692708 0.19389673 0.22093406],[0.54301721 0.17801678 0.23624577],[-3.87457199e-03 -4.06392966e-04 -3.69243324e-02  9.99310493e-01],[-0.7109763   0.02270273 -0.02499948  0.70240462],[0.56640267 0.30525649 0.28104004],[0.52008313 0.794725   0.27846891]
104,2024-05-08_16:27:34,97,7,0.757,0.8204065561294556,0.2824387372899624,5.295186932100131,[0.55014116 0.1914462  0.22056872],[0.54381567 0.17222437 0.25083938],[-4.10416070e-03  4.17880277e-04 -1.11683281e-02  9.99929130e-01],[-0.71125889  0.02292467 -0.02060646  0.70225394],[0.54992914 0.30182987 0.28064331],[0.56308085 0.58396071 0.27971405]
105,2024-05-08_16:27:34,12,7,1.163,1.0494579076766968,0.45916298711416476,5.493053392138621,[0.57721937 0.21712409 0.22055337],[0.54589087 0.19520645 0.23296832],[-4.16170806e-03 -1.74226283e-04  5.17415302e-03  9.99977946e-01],[-0.71198893  0.02128674 -0.03150177  0.70116067],[0.57652134 0.3284876  0.28093269],[0.5838232  0.78758931 0.27921388]
106,2024-05-08_16:27:34,59,7,0.912,0.9589810371398926,0.3781133049739596,5.355022539193428,[0.5679006  0.19337605 0.22070286],[0.54934007 0.18335503 0.23597293],[-5.12171444e-03  8.77124898e-04 -2.08267421e-02  9.99769568e-01],[-0.71227837  0.02075215 -0.02211495  0.70124161],[0.56777841 0.30403027 0.28085256],[0.58062512 0.68192166 0.27920038]
107,2024-05-08_16:27:34,61,7,0.907,0.9544004201889038,0.3735063179830442,5.310268972722907,[0.56453162 0.19081382 0.22102576],[0.54675061 0.17590162 0.24239023],[-5.06777503e-03  5.44241630e-04 -9.40964837e-03  9.99942720e-01],[-0.71178484  0.02507688 -0.02079175  0.70164174],[0.56419659 0.30204648 0.28112191],[0.59078264 0.6746009  0.27929044]
108,2024-05-08_16:27:34,151,7,1.194,1.0567289590835571,0.48733859242026767,5.4872207978591705,[0.56006902 0.19245274 0.22061485],[0.52600867 0.18246716 0.23670675],[-5.61612053e-03  7.12902285e-04 -3.13969180e-02  9.99490976e-01],[-0.71081877  0.02586026 -0.03032171  0.70224535],[0.55942589 0.30401528 0.28122559],[0.53595018 0.79078048 0.27849993]
109,2024-05-08_16:27:34,41,7,1.009,1.0263477563858032,0.4360507197390021,5.373066461978006,[0.56892085 0.19128124 0.22091484],[0.54609692 0.18341017 0.23461817],[-4.59517771e-03  7.76444620e-04 -1.35354334e-02  9.99897540e-01],[-0.71268189  0.02115722 -0.02396489  0.70075858],[0.5684666  0.30252182 0.2810376 ],[0.58131123 0.73838085 0.27956906]
110,2024-05-08_16:27:34,121,7,0.669,0.7520982623100281,0.24431026420462287,5.334806213123352,[0.55739176 0.1991709  0.22162431],[0.56287551 0.19124056 0.23284508],[-4.90014767e-03 -3.46524641e-04 -2.01887954e-02  9.99784112e-01],[-0.71472472  0.01794715 -0.01428018  0.69902968],[0.55742908 0.31025159 0.28086969],[0.53653181 0.55366141 0.27929726]
111,2024-05-08_16:27:34,52,7,0.947,0.9236916303634644,0.31251976584924185,5.937456669369283,[0.55686802 0.23465474 0.22052196],[0.51865315 0.21829402 0.24697942],[-4.44178330e-03  2.14823332e-04 -3.97666451e-03  9.99982178e-01],[-0.72282106  0.03348609 -0.03308957  0.68942982],[0.55676067 0.34504718 0.28048655],[0.5998801  0.65457684 0.27964571]
112,2024-05-08_16:27:34,119,7,0.675,0.7458815574645996,0.23402114512114358,5.322665508472271,[0.55956572 0.1949818  0.22056675],[0.55194384 0.17972635 0.25100979],[-4.08218289e-03  3.20824824e-04 -2.67749522e-02  9.99633074e-01],[-0.71245676  0.02509912 -0.01911792  0.70100635],[0.5591073  0.30611336 0.28095788],[0.55412513 0.54007906 0.27989584]
113,2024-05-08_16:27:34,18,7,1.138,1.0668669939041138,0.48389866362121464,5.239668247104158,[0.58446479 0.19773768 0.2204262 ],[0.56484133 0.1807318  0.22359164],[-6.97366893e-03  5.77648520e-04 -1.07514840e-02  9.99917746e-01],[-0.71195239  0.01494316 -0.02398556  0.7016589 ],[0.58351678 0.31021076 0.28097454],[0.60020745 0.79381716 0.27892762]
114,2024-05-08_16:27:34,81,7,0.853,0.9148957133293152,0.32317984115575743,5.16061456262263,[0.56780988 0.18991326 0.2210052 ],[0.56772941 0.17350411 0.22698642],[-4.06072522e-03 -2.01337767e-04 -5.69783943e-03  9.99975502e-01],[-0.71391332  0.01605204 -0.016538    0.69985467],[0.56744117 0.30093578 0.28102955],[0.60634172 0.62175834 0.27883017]
115,2024-05-08_16:27:34,116,7,0.691,0.7654242515563965,0.2858443101888661,5.263076232687276,[0.56447887 0.19292022 0.2210114 ],[0.56393206 0.18242109 0.23752175],[-4.41898126e-03  2.24551623e-04 -2.49387883e-02  9.99679208e-01],[-0.71088034  0.01744618 -0.01571811  0.70292085],[0.56396484 0.30422369 0.28114161],[0.53143734 0.58820701 0.27959082]
116,2024-05-08_16:27:34,98,7,0.753,0.8264580965042114,0.2794507417669993,5.251153849283778,[0.55682415 0.19161297 0.22054294],[0.55917436 0.17974693 0.22675461],[-5.18746907e-03  3.22372507e-04 -1.53549975e-02  9.99868572e-01],[-0.71486533  0.01723978 -0.01619917  0.6988619 ],[0.55614787 0.30280241 0.28122306],[0.56134439 0.58219951 0.27949861]
117,2024-05-08_16:27:34,66,7,0.89,0.933929979801178,0.3622995090081433,5.362643755406885,[0.56232965 0.19582887 0.22096035],[0.5429855  0.18044256 0.2375108 ],[-5.67212375e-03  2.43181348e-05 -7.15714647e-03  9.99958277e-01],[-0.71290088  0.0211846  -0.02271571  0.7005766 ],[0.56130821 0.30756783 0.28109005],[0.5843243  0.6691308  0.27924228]
118,2024-05-08_16:27:34,122,7,0.668,0.7395516037940979,0.23777407184729007,5.424584510289789,[0.55117273 0.19642361 0.22049084],[0.54155231 0.18481977 0.25135723],[-5.21695102e-03  5.28461300e-04 -1.83256119e-02  9.99818325e-01],[-0.71157408  0.02750718 -0.01723617  0.70186079],[0.55048704 0.30812973 0.28087738],[0.56587511 0.54540169 0.27956158]
119,2024-05-08_16:27:34,40,7,1.012,1.0318630933761597,0.4394745412501778,5.269816585134029,[0.57178724 0.1881965  0.22092718],[0.55246788 0.17483677 0.23969097],[-4.02500853e-03 -1.66547718e-04 -1.05230985e-02  9.99936521e-01],[-0.71169913  0.02292792 -0.02185787  0.70176983],[0.57132345 0.29946592 0.28104752],[0.58622581 0.73868251 0.27890635]
120,2024-05-08_16:27:34,85,7,0.84,0.8946123123168945,0.3243353138008698,5.395045140755501,[0.56031334 0.19163628 0.22091773],[0.54244906 0.18181664 0.25001022],[-5.25792595e-03  6.79225894e-04 -1.06431292e-02  9.99929309e-01],[-0.71426564  0.02727713 -0.02306998  0.69896233],[0.56010592 0.30235302 0.28082108],[0.58022821 0.62606072 0.27947411]
121,2024-05-08_16:27:34,125,7,0.639,0.7163512110710144,0.2620326163538429,5.227393845732019,[0.55897725 0.19084294 0.2207469 ],[0.55775344 0.1771006  0.22524376],[-4.65426780e-03 -7.36798611e-05 -3.78865972e-02  9.99271214e-01],[-0.71045268  0.01398744 -0.01207998  0.70350224],[0.55848467 0.30192262 0.28111157],[0.45753554 0.54371911 0.2789163 ]
122,2024-05-08_16:27:34,67,7,0.89,0.940841794013977,0.34737802890505254,5.344818210185926,[0.56629163 0.19382884 0.22067791],[0.5417859  0.17656942 0.24269032],[-5.68088423e-03  5.34470950e-04 -9.13296640e-03  9.99942005e-01],[-0.71109182  0.0252417  -0.02285376  0.70227414],[0.56567931 0.30459496 0.28086588],[0.59587091 0.65065426 0.27915466]
123,2024-05-08_16:27:34,105,7,0.725,0.7993761301040649,0.2944068706869042,5.193367730400296,[0.5640648  0.19750197 0.22084051],[0.56979132 0.17930919 0.22489044],[-4.38919105e-03 -1.72971977e-05 -2.85592377e-02  9.99582469e-01],[-0.71451628  0.01637705 -0.0152808   0.69926018],[0.56299871 0.3083207  0.2808423 ],[0.50756627 0.59745657 0.27908248]
124,2024-05-08_16:27:34,113,7,0.694,0.7684282064437866,0.2820532776576007,5.1810938369031065,[0.56357169 0.19257097 0.22076178],[0.56776834 0.17635404 0.22816533],[-4.37910389e-03 -9.75861985e-05 -2.91891228e-02  9.99564290e-01],[-0.71110773  0.01319974 -0.01549329  0.70278835],[0.56305754 0.30369353 0.28106111],[0.49155661 0.57652867 0.27943087]
125,2024-05-08_16:27:34,136,7,0.574,0.6573745012283325,0.21616801651846412,5.2245593479427805,[0.54779971 0.19255821 0.22054434],[0.55727518 0.17773958 0.22206846],[-3.89853143e-03  2.39715751e-04 -1.77962389e-02  9.99834001e-01],[-0.71094954  0.00814722 -0.01285802  0.70307827],[0.54752469 0.30352134 0.28073964],[0.5107792  0.51654178 0.27992055]
126,2024-05-08_16:27:34,71,7,0.878,0.9230258464813232,0.33944880639067465,5.447416443326388,[0.55931932 0.19756217 0.22070491],[0.54111987 0.1885379  0.23719861],[-5.61421365e-03  2.72200472e-04 -2.37831753e-02  9.99701321e-01],[-0.71441221  0.02081913 -0.02358941  0.69901735],[0.55855989 0.30926412 0.28111485],[0.56737304 0.64859378 0.27932528]
127,2024-05-08_16:27:34,37,7,1.044,1.0264759063720703,0.4259924059884525,5.3942428765409645,[0.55415112 0.18596064 0.22067329],[0.52801079 0.17387666 0.24213628],[-5.77694969e-03  7.32150045e-04 -5.98584907e-03  9.99965131e-01],[-0.71070737  0.02863024 -0.02605206  0.70242196],[0.55333883 0.29769093 0.28110573],[0.5766803  0.72303885 0.2791439 ]
128,2024-05-08_16:27:34,35,7,1.047,0.9933773875236511,0.3830757858021606,5.5950168074282,[0.52675498 0.19305165 0.22098053],[0.49559575 0.17533746 0.24711579],[-4.16981988e-03  3.76142096e-04 -7.27457879e-03  9.99964774e-01],[-0.71288484  0.03595994 -0.02993571  0.69971848],[0.52660447 0.30350557 0.28077611],[0.54693878 0.68603814 0.27922398]
129,2024-05-08_16:27:34,8,7,1.177,1.061219573020935,0.48568577166075727,5.46656010861948,[0.55411118 0.18765078 0.22074163],[0.52308196 0.17875172 0.23764013],[-6.85746549e-03  6.17390964e-04 -3.81650962e-03  9.99969006e-01],[-0.71004498  0.02599007 -0.02986022  0.70304269],[0.55318302 0.29977474 0.28104037],[0.55943751 0.78541219 0.27824551]
130,2024-05-08_16:27:34,145,7,0.532,0.6165095567703247,0.17737187841781182,5.2676784192332935,[0.55514461 0.19208463 0.22074282],[0.55833375 0.1798929  0.24306454],[-4.79730498e-03  9.43526160e-04 -9.13874153e-03  9.99946296e-01],[-0.70871484  0.01692703 -0.01044235  0.70521462],[0.55488408 0.30268249 0.28075933],[0.57348138 0.47907454 0.27988258]
131,2024-05-08_16:27:34,127,7,0.626,0.7076030969619751,0.23605480670190696,5.177157202707844,[0.55324149 0.19356756 0.22076792],[0.56418866 0.17649193 0.21938452],[-4.47977474e-03  3.02157478e-05 -2.23488696e-02  9.99740183e-01],[-0.71266919  0.00831535 -0.01163894  0.70135444],[0.55280709 0.30477628 0.28099272],[0.4925285  0.53299987 0.27945817]
132,2024-05-08_16:27:34,82,7,0.851,0.9077703952789307,0.333643271990361,5.338452904319479,[0.5685972  0.19358398 0.2210024 ],[0.55546564 0.18544857 0.23597594],[-5.82190789e-03 -1.53570203e-04 -1.82509385e-02  9.99816477e-01],[-0.71240032  0.01885985 -0.02086944  0.70120937],[0.56791919 0.305013   0.28093207],[0.59170645 0.6378032  0.27929357]
133,2024-05-08_16:27:34,9,7,1.177,1.0715280771255493,0.43362605869687176,5.17119591265948,[0.56491679 0.18488304 0.22070926],[0.55350316 0.16704158 0.22011466],[-5.52923186e-03  2.08133308e-04  4.99610906e-04  9.99984562e-01],[-0.71003163  0.01389832 -0.02085961  0.70372355],[0.56409919 0.29683372 0.28123224],[0.62020296 0.72681183 0.27957162]
134,2024-05-08_16:27:34,28,7,1.068,1.0501282215118408,0.47224410493398267,5.257964195564479,[0.5720281  0.18892549 0.22093725],[0.55328548 0.17363383 0.2398652 ],[-3.96304717e-03 -3.41143343e-04  7.31163891e-04  9.99991834e-01],[-0.71088064  0.02288887 -0.02318057  0.7025578 ],[0.57155627 0.30032876 0.28111818],[0.59394157 0.77203673 0.27888566]
135,2024-05-08_16:27:34,24,7,1.106,1.0560935735702515,0.4735850700688863,5.213436708886819,[0.57073551 0.18653341 0.2206037 ],[0.55180258 0.16815056 0.23573636],[-4.14058799e-03 -1.71576074e-04 -7.57214800e-03  9.99962747e-01],[-0.70895243  0.02118781 -0.02256515  0.70457667],[0.57025206 0.29778603 0.28098649],[0.59340036 0.77080119 0.27908021]
136,2024-05-08_16:27:34,70,7,0.878,0.9184992909431458,0.3269240326385502,5.565715870495683,[0.56432968 0.20675944 0.22073928],[0.53850299 0.19727185 0.24532099],[-6.59801112e-03  5.74655714e-04 -1.94764324e-02  9.99788404e-01],[-0.71418732  0.02558685 -0.02577657  0.69901168],[0.56302828 0.31896907 0.28114879],[0.58162636 0.64535946 0.27949026]
137,2024-05-08_16:27:34,4,7,1.183,1.074317455291748,0.45563542607645835,4.984343282159826,[0.57017976 0.16026516 0.22150809],[0.55862248 0.14412366 0.23066297],[-5.73581690e-03 -2.41194823e-04  2.37280317e-03  9.99980688e-01],[-0.70281821  0.01399094 -0.02037263  0.71094006],[0.5694465  0.27236688 0.28164178],[0.6711694  0.71649653 0.27941656]
138,2024-05-08_16:27:34,10,7,1.168,1.0775957107543945,0.5077199887294299,5.246385241139236,[0.57337105 0.18680464 0.22068176],[0.55476332 0.17444898 0.23026618],[-5.46286115e-03  8.09555233e-04 -1.16467783e-02  9.99916911e-01],[-0.70825034  0.01543181 -0.02545099  0.70533365],[0.5739215  0.2981554  0.28084177],[0.57825363 0.80585253 0.27873498]
139,2024-05-08_16:27:34,95,7,0.781,0.8597493767738342,0.32768279593183414,5.213966924041526,[0.55260313 0.19356202 0.22057694],[0.56195426 0.17681302 0.22948049],[-4.47414722e-03 -3.12074881e-05 -2.39403229e-02  9.99703348e-01],[-0.7143805   0.01913824 -0.01293296  0.69937611],[0.55238909 0.30479628 0.2809529 ],[0.51087934 0.62983555 0.279394  ]
140,2024-05-08_16:27:34,102,7,0.735,0.7994928956031799,0.27495674321020075,5.332777293220464,[0.55469126 0.19231229 0.22164956],[0.54316127 0.17573212 0.25110063],[-7.07454886e-03 -2.85021059e-04 -1.51922954e-02  9.99859512e-01],[-0.71268153  0.02691603 -0.01987188  0.70068938],[0.55448806 0.30337754 0.28104293],[0.5724017  0.57774556 0.27946088]
141,2024-05-08_16:27:34,118,7,0.677,0.7613574266433716,0.24209513455894968,5.315016820083517,[0.55841976 0.20455123 0.22047079],[0.56511784 0.19098797 0.2308857 ],[-5.22862421e-03  7.14221096e-04 -1.15128292e-03  9.99985397e-01],[-0.71502852  0.01655424 -0.01323599  0.69877392],[0.55798644 0.31636488 0.28090629],[0.57558334 0.55781448 0.27932623]
142,2024-05-08_16:27:34,62,7,0.904,0.9372784495353699,0.3151419918464401,5.489285895699185,[0.56458962 0.19362678 0.22106034],[0.53950655 0.1894497  0.25139129],[-5.05419075e-03 -2.56835163e-04 -1.19965188e-02  9.99915242e-01],[-0.71744263  0.03214615 -0.02387619  0.6954658 ],[0.56409365 0.30527803 0.28101167],[0.58090407 0.61996603 0.27918154]
143,2024-05-08_16:27:34,21,7,1.113,1.0590258836746216,0.4332659996583687,5.259993470945118,[0.57768828 0.1909882  0.22096473],[0.55725253 0.17710689 0.23238316],[-6.17976813e-03  5.76950843e-04  3.72456876e-03  9.99973774e-01],[-0.70976812  0.01817167 -0.02484985  0.70376235],[0.57758766 0.30181327 0.28074485],[0.63083953 0.73178625 0.27811709]
144,2024-05-08_16:27:34,27,7,1.079,1.0453557968139648,0.4791671599866303,5.376972882083016,[0.5645321  0.19085993 0.22094783],[0.53898066 0.1800852  0.23103179],[-6.91612950e-03  4.99135000e-04 -6.29177503e-03  9.99956191e-01],[-0.71177733  0.01955965 -0.02684757  0.70161927],[0.56345057 0.30352345 0.28127179],[0.58402109 0.7822423  0.27876449]
145,2024-05-08_16:27:34,31,7,1.058,1.0458240509033203,0.4499207079094321,5.265138785554901,[0.57114118 0.19163321 0.22096124],[0.55099005 0.17568056 0.22614005],[-4.70431522e-03 -4.03953600e-05  3.25158751e-03  9.99983668e-01],[-0.71316373  0.01795405 -0.02282614  0.7003957 ],[0.57059205 0.30327445 0.28111002],[0.61551368 0.75094193 0.27898452]
146,2024-05-08_16:27:34,46,7,0.982,0.999321460723877,0.40351250884026424,5.418050219741138,[0.55931145 0.19232298 0.22086996],[0.53494108 0.18118982 0.23762377],[-5.95568120e-03  4.91098792e-04 -3.97271430e-03  9.99974251e-01],[-0.71208322  0.02261157 -0.02635648  0.70123571],[0.55844182 0.30413345 0.28116491],[0.58415729 0.70682067 0.27914977]
147,2024-05-08_16:27:34,22,7,1.109,1.0558546781539917,0.5258689975981563,5.3795879379115625,[0.56524479 0.2006353  0.22071379],[0.55103832 0.18655403 0.2396372 ],[-4.30381438e-03 -1.10890069e-04 -4.54540923e-02  9.98957157e-01],[-0.71310025  0.0221367  -0.02245217  0.70035267],[0.56479597 0.31226715 0.28095874],[0.40789866 0.81417531 0.27785334]
148,2024-05-08_16:27:34,51,7,0.955,0.9866244792938232,0.41387997652765474,5.39839988750931,[0.56310225 0.20455267 0.22077101],[0.54975283 0.19011925 0.22542998],[-4.80429502e-03  1.18062140e-04 -3.69561231e-03  9.99981642e-01],[-0.71791786  0.02155713 -0.02137402  0.69546562],[0.56249803 0.31589895 0.28099579],[0.57281154 0.72964209 0.27837244]
149,2024-05-08_16:27:34,147,7,0.526,0.6120285391807556,0.1821430770171082,5.244962413983427,[0.55333364 0.19201656 0.22058123],[0.56025642 0.17826185 0.24314596],[-4.92073875e-03  2.60563887e-04 -3.09779402e-02  9.99507904e-01],[-0.70815635  0.01228938 -0.01476932  0.70579416],[0.55274957 0.30385739 0.28107283],[0.48204595 0.47169492 0.27830493]
150,2024-05-08_16:27:34,56,7,0.922,0.9673733115196228,0.37693845520512104,5.32571695037508,[0.57067806 0.19405501 0.22061643],[0.55286473 0.18227385 0.23505054],[-5.22994902e-03  5.39202301e-04 -5.67412842e-03  9.99970078e-01],[-0.71183139  0.01898186 -0.02274881  0.70172518],[0.57021487 0.30597022 0.28108788],[0.60195249 0.68156594 0.2793051 ]
151,2024-05-08_16:27:34,80,7,0.86,0.917432427406311,0.3397496321276983,5.301755581533272,[0.57673103 0.19119076 0.22123554],[0.55678296 0.17927513 0.25010616],[-5.12748631e-03  3.58866018e-05 -1.20685222e-02  9.99914050e-01],[-0.71379548  0.02852119 -0.02213637  0.69942302],[0.57608658 0.30265808 0.28117493],[0.59415376 0.6419211  0.27917707]
