Index,RecSession,HitNumber,IiwaNumber,DesiredFlux,HittingFlux,DistanceTraveled,HittingInertia,AttractorPos,HittingPos,ObjectOrientation,HittingOrientation,ObjectPosStart,ObjectPosEnd,config
0,2024-05-07_18:04:00__clean_paper,299,7,0.501,0.5767159461975098,0.2035093692010652,4.390537423700772,"[0.54515624, 0.31085461, 0.21976018]","[0.55516797, 0.29802951, 0.22527426]","[-0.00376949646, 0.000789356593, -0.019963121, 0.999793291]","[-0.71062911, 0.0011698, -0.00247227, 0.70356154]","[0.54477811, 0.42150787, 0.27961841]","[0.45940015, 0.60623908, 0.27859607]",1
1,2024-05-08_14:15:56__clean_paper,239,7,0.507,0.5829797387123108,0.1898194934063249,4.409830612588475,"[0.55155087, 0.30912453, 0.22016504]","[0.5556103, 0.29924533, 0.22457084]","[-0.00378213497, 0.000230862934, -0.00351888593, 0.999986649]","[-0.710088313, -0.000677501666, -0.00346795516, 0.704103768]","[0.55184847, 0.42074493, 0.28049007]","[0.53485018, 0.60980028, 0.27973408]",1
2,2024-05-06_14:23:00__clean_paper,3,7,0.506,0.5850155353546143,0.2474816080220089,4.382066225888597,"[0.55124128, 0.30419308, 0.22044268]","[0.55733979, 0.28959742, 0.22183014]","[-0.00379552, 0.00101592, -0.00992995, 0.99994296]","[-0.71078324, 0.00125856, -0.00091175, 0.70340937]","[0.55134708, 0.4147822, 0.28010291]","[0.49010685, 0.65456313, 0.27872983]",1
3,2024-05-06_15:31:11__clean_paper,13,7,0.513,0.5885431170463562,0.2202084750825542,4.373417020746093,"[0.55306864, 0.31500149, 0.2202363]","[0.56748188, 0.29389697, 0.19925591]","[-0.00339409639, 0.000674973533, -0.0250707772, 0.999679685]","[-0.705051124, 0.000360491511, 0.000872264383, 0.709155858]","[0.55316257, 0.42528334, 0.27990749]","[0.45385388, 0.62182349, 0.27867246]",1
4,2024-05-15_14:20:51__clean_paper,495,7,0.511,0.5900200605392456,0.2442685131909995,4.381227711163114,"[0.53966045, 0.30534351, 0.21991131]","[0.55744529, 0.29448381, 0.2099876]","[-0.00510641281, 0.000954950461, -0.000366341264, 0.99998641]","[-0.70997459, 0.00148162, -0.0010198, 0.704225]","[0.53939062, 0.41694006, 0.27993593]","[0.51905602, 0.66035444, 0.27818838]",1
5,2024-05-06_15:31:11__clean_paper,9,7,0.509,0.5949063897132874,0.2664908141154708,4.374385132966025,"[0.55380577, 0.31431103, 0.22023597]","[0.57122844, 0.29955718, 0.1978465]","[-0.00381779531, 0.000309877738, 0.00138315477, 0.999991715]","[-0.707229376, -0.000672001275, 0.00195909012, 0.706981122]","[0.55375218, 0.42484561, 0.28004116]","[0.52193457, 0.68942606, 0.27856657]",1
6,2024-05-15_14:20:51__clean_paper,493,7,0.523,0.59614497423172,0.3018174117373036,4.379270995325109,"[0.54040903, 0.31121564, 0.21947527]","[0.56556845, 0.29775998, 0.19488317]","[-0.00192809361, 0.000897672377, 0.00305820955, 0.999993086]","[-0.70228827, -0.00405755, 0.00215513, 0.71187788]","[0.5401293, 0.42284599, 0.279865]","[0.48665497, 0.71988142, 0.27781534]",1
7,2024-05-06_15:31:11__clean_paper,25,7,0.524,0.6024116277694702,0.2579057692828816,4.390023598984082,"[0.56638175, 0.31917244, 0.22077125]","[0.59111726, 0.30461538, 0.19299854]","[-0.00341353705, 0.000231615501, -0.00176698982, 0.999992609]","[-0.70047724, -0.00588367, 0.00522215, 0.71363139]","[0.56645519, 0.42976207, 0.28014442]","[0.47105125, 0.66936815, 0.27859542]",1
8,2024-05-06_14:23:00__clean_paper,9,7,0.52,0.6032851338386536,0.2518563414488395,4.370010941817441,"[0.5649001, 0.30879682, 0.22022915]","[0.58433104, 0.29150122, 0.21610036]","[-0.00368721, 0.00123789, -0.01648504, 0.99985653]","[-0.71321726, 0.00175497, 0.0101446, 0.70086741]","[0.56505543, 0.41946504, 0.28002569]","[0.45606363, 0.64651227, 0.27862674]",1
9,2024-05-06_15:31:11__clean_paper,31,7,0.528,0.6060521006584167,0.2606066114140107,4.374508030627159,"[0.56519341, 0.31154746, 0.22046944]","[0.57133311, 0.2963039, 0.19080731]","[-0.00278569711, 0.000365408923, -0.0251689069, 0.999679267]","[-0.70216948, -0.00103208, -0.00295433, 0.71200299]","[0.56502569, 0.42289099, 0.28037602]","[0.45254424, 0.65796548, 0.27844873]",1
10,2024-05-06_15:31:11__clean_paper,39,7,0.535,0.6116726398468018,0.3078788914174136,4.38470487646762,"[0.55947733, 0.31352007, 0.2201772]","[0.57962233, 0.30212343, 0.19374289]","[-0.00243863, 0.0012065, 0.0018215, 0.99999464]","[-0.701798499, -0.00490169134, -0.000651763694, 0.712358356]","[0.55936348, 0.42496184, 0.28023937]","[0.49448174, 0.72591877, 0.27807263]",1
11,2024-05-15_14:20:51__clean_paper,491,7,0.523,0.6136326789855957,0.24969653586582,4.370840613306208,"[0.54324532, 0.31021094, 0.22007692]","[0.56397319, 0.29558069, 0.20742927]","[-0.00469887722, 0.000942095532, -0.00105382374, 0.99998796]","[-0.711360931, 0.000894771365, 0.000182624586, 0.702826262]","[0.5430994, 0.42136928, 0.27996966]","[0.51483005, 0.66945428, 0.27822596]",1
12,2024-05-06_14:23:00__clean_paper,15,7,0.534,0.6162164211273193,0.2841636972968493,4.368529701557517,"[0.55093843, 0.31165087, 0.22030038]","[0.57453918, 0.29814363, 0.19524616]","[-0.00368370791, 0.000929411326, -0.00673429528, 0.999970078]","[-0.70564234, -0.00413842, 0.00528174, 0.70853645]","[0.55116361, 0.42198482, 0.27999142]","[0.42401147, 0.67610735, 0.27823615]",1
13,2024-05-15_14:20:51__clean_paper,465,7,0.55,0.6204835176467896,0.2562070983510865,4.3777840431473765,"[0.54247355, 0.30737996, 0.21971586]","[0.56663781, 0.29664198, 0.19642769]","[-0.00134830794, 0.000913035998, -0.00292325066, 0.999994397]","[-0.7017597, -0.00344235, 0.00324903, 0.71239805]","[0.54208338, 0.41941974, 0.27995151]","[0.4515745, 0.65910172, 0.27828887]",1
14,2024-05-06_15:31:11__clean_paper,49,7,0.55,0.6225258708000183,0.2193805540836229,4.425836374237543,"[0.54273254, 0.31782633, 0.22047293]","[0.55077922, 0.30275467, 0.22766861]","[-0.00400629593, 0.000634608965, -0.0226972308, 0.999734163]","[-0.70944959, 0.00322067, -0.00223655, 0.70474523]","[0.54267383, 0.42865437, 0.27992707]","[0.45503208, 0.62976408, 0.27864742]",1
15,2024-05-08_14:15:56__clean_paper,197,7,0.557,0.6272674798965454,0.2573826748855669,4.384852134350328,"[0.55279493, 0.31137216, 0.22038886]","[0.57175839, 0.29995716, 0.19646351]","[-0.00273546879, 0.000246624113, 0.000119109107, 0.999996245]","[-0.70239103, -0.00219129, 0.00240824, 0.71178383]","[0.55241835, 0.42255497, 0.28043461]","[0.50663686, 0.6758303, 0.27920946]",1
16,2024-05-15_14:20:51__clean_paper,451,7,0.563,0.6314097046852112,0.3097454471771013,4.373123763908574,"[0.54629046, 0.30645585, 0.22001916]","[0.57248116, 0.2963542, 0.19053891]","[-0.00234767329, 0.000487445272, 0.00128366356, 0.999996305]","[-0.69868845, -0.008997, 0.00216714, 0.71536624]","[0.54628193, 0.41736412, 0.27997372]","[0.44679716, 0.71069109, 0.27789798]",1
17,2024-05-06_15:31:11__clean_paper,53,7,0.553,0.6316124796867371,0.3446114840644033,4.38964455443634,"[0.55558211, 0.31577426, 0.22038275]","[0.57342333, 0.30328333, 0.19456892]","[-0.00214631087, 0.00056205556, 0.00267562759, 0.99999398]","[-0.702463627, -0.00057923072, 0.00266202982, 0.711714447]","[0.55560821, 0.4265309, 0.2801404]","[0.51970696, 0.7692619, 0.27823314]",1
18,2024-05-07_18:04:00__clean_paper,273,7,0.563,0.6371545195579529,0.2584517227495569,4.3852435331429,"[0.5593133, 0.31561202, 0.21989506]","[0.5779705, 0.30048284, 0.19617625]","[-0.00404673489, 0.000656795688, -0.00927084591, 0.999948621]","[-0.702845335, -0.0006140396, 0.00200083526, 0.711339653]","[0.55921507, 0.42617664, 0.27985129]","[0.46613973, 0.6672824, 0.27833965]",1
19,2024-05-06_15:31:11__clean_paper,61,7,0.562,0.6394374966621399,0.3006768996473037,4.39184392440508,"[0.56360191, 0.31227249, 0.22019014]","[0.57400894, 0.30044287, 0.21126701]","[-0.00320628216, 0.000846184557, 0.00248625176, 0.999991417]","[-0.70751369, 0.00223608, -0.00145058, 0.70669466]","[0.56332135, 0.42324552, 0.28005415]","[0.57240462, 0.72378194, 0.2786577]",1
20,2024-05-06_15:31:11__clean_paper,67,7,0.568,0.6415815949440002,0.2634301156227434,4.382265674276631,"[0.55997699, 0.31585604, 0.22007415]","[0.57807547, 0.29929709, 0.19272533]","[-0.00242566154, 0.000617254525, -0.0136297056, 0.999903977]","[-0.70031983, -0.00508601, -0.00077299, 0.71381068]","[0.55994684, 0.42650339, 0.28021404]","[0.44501948, 0.66353482, 0.27841657]",1
21,2024-05-15_14:20:51__clean_paper,459,7,0.558,0.6467349529266357,0.2765693546614821,4.3656880902129975,"[0.53614354, 0.30647469, 0.21995991]","[0.55391121, 0.29226604, 0.20414771]","[-0.00422411, 0.00124932, -0.00207942, 0.99998814]","[-0.71051174, -0.00204564, -0.00332563, 0.7036745]","[0.53628236, 0.41735777, 0.27966934]","[0.49228609, 0.69039953, 0.27789852]",1
22,2024-05-06_14:23:00__clean_paper,31,7,0.571,0.6498525142669678,0.3352396879485229,4.361327298296246,"[0.5782367, 0.30393589, 0.22021201]","[0.589894, 0.28729767, 0.1983957]","[-0.00317998277, 0.000885111163, -0.021056287, 0.999772847]","[-0.70264649, -0.00431309, -0.00174595, 0.71152389]","[0.57806945, 0.41451403, 0.28010339]","[0.42615226, 0.7133497, 0.27808812]",1
23,2024-05-07_18:04:00__clean_paper,269,7,0.575,0.6526471972465515,0.3115818636961409,4.394139005908583,"[0.56394774, 0.31820631, 0.21991771]","[0.57937306, 0.30337024, 0.20126291]","[-0.00299310545, 0.000880681328, -0.000833081489, 0.999994814]","[-0.70389378, -0.00108779, -0.0013594, 0.71030313]","[0.56374413, 0.42950937, 0.27996868]","[0.52678788, 0.73888564, 0.27801493]",1
24,2024-05-06_15:31:11__clean_paper,71,7,0.575,0.6545417308807373,0.3768787070830909,4.404313215434088,"[0.55909383, 0.32422936, 0.22068298]","[0.57245749, 0.3100276, 0.19177072]","[-0.00157615333, 0.000105695493, 0.00364541425, 0.999992132]","[-0.70119148, -0.00531836, -0.00396044, 0.71294212]","[0.55866182, 0.43588746, 0.28024501]","[0.54009539, 0.81230211, 0.27804187]",1
25,2024-05-06_15:31:11__clean_paper,77,7,0.58,0.6583961844444275,0.3562674082305081,4.397642179076121,"[0.56594175, 0.31935912, 0.22001603]","[0.58185631, 0.30708158, 0.19618757]","[-0.0025656533, 0.000710614258, 0.000406530278, 0.999996364]","[-0.70283049, -0.00077536, 0.00125226, 0.71135581]","[0.56617486, 0.42980629, 0.28004879]","[0.52310979, 0.78345573, 0.27806354]",1
26,2024-05-15_14:20:51__clean_paper,441,7,0.586,0.6627751588821411,0.2908737224310905,4.40820758956298,"[0.5357092, 0.30784571, 0.21994039]","[0.55013353, 0.29752913, 0.22518311]","[-0.00415442, 0.00101626, -0.00142037, 0.99998987]","[-0.70945549, -0.00178926, -0.00253265, 0.70474344]","[0.53530008, 0.41922617, 0.27985808]","[0.50144899, 0.7081182, 0.27812001]",1
27,2024-05-06_14:23:00__clean_paper,37,7,0.589,0.6658003330230713,0.332556276496163,4.370912922072813,"[0.5817017, 0.30564231, 0.22077128]","[0.60204118, 0.29048508, 0.19846895]","[-0.00295785186, 0.000981630641, -0.00893106032, 0.999955237]","[-0.70089304, -0.00709281, 0.00103295, 0.71323037]","[0.5819037, 0.41621959, 0.28027877]","[0.43741009, 0.71573728, 0.27817485]",1
28,2024-05-06_15:31:11__clean_paper,97,7,0.593,0.667284369468689,0.2767785313718061,4.383225111582759,"[0.55706656, 0.31381983, 0.22030139]","[0.57226235, 0.2988804, 0.19631909]","[-0.00144430168, 0.000575110025, -0.011682855, 0.999930561]","[-0.70205283, -0.00233944, 0.00073611, 0.71212065]","[0.5569644, 0.42510918, 0.28016654]","[0.44316697, 0.67740452, 0.27827972]",1
29,2024-05-15_14:20:51__clean_paper,431,7,0.598,0.6718327403068542,0.3131950241067142,4.40099190894993,"[0.54364097, 0.30572492, 0.21990034]","[0.55155039, 0.29327452, 0.22525212]","[-0.00366214383, 0.000830587116, -0.00265171425, 0.99998945]","[-0.70776898, -0.0016748, -0.0028139, 0.70643634]","[0.54336613, 0.41690648, 0.27984032]","[0.5114755, 0.72846895, 0.27812779]",1
30,2024-05-06_15:31:11__clean_paper,99,7,0.596,0.6757555603981018,0.2879897988216361,4.399742553993151,"[0.57296085, 0.32056856, 0.22071162]","[0.58387804, 0.30466688, 0.20359316]","[-0.00318583846, 0.000920004793, -0.0207453836, 0.999779284]","[-0.70407218, -0.00255523, -0.00339191, 0.71011573]","[0.5731256, 0.43112564, 0.28017679]","[0.45307997, 0.69289619, 0.27834609]",1
31,2024-05-15_14:20:51__clean_paper,429,7,0.603,0.6778693199157715,0.3235935769772586,4.398129829275486,"[0.53661466, 0.30719382, 0.22009572]","[0.55165964, 0.29424009, 0.22060402]","[-0.0035344502, 0.000838839216, -0.00239606644, 0.999990523]","[-0.70723778, -0.00126417866, -0.000354488759, 0.706974566]","[0.53655738, 0.41866359, 0.27981272]","[0.48369178, 0.73790359, 0.27785009]",1
32,2024-05-15_14:20:51__clean_paper,423,7,0.612,0.6825882196426392,0.2823975588910233,4.370914630182839,"[0.54213625, 0.30725461, 0.2199806]","[0.56715763, 0.29271749, 0.19884376]","[-0.00333904754, 0.000941477949, -0.0108560501, 0.999935031]","[-0.69975013, -0.00608297, 0.00580019, 0.71433824]","[0.5419113, 0.41809174, 0.27989668]","[0.40785626, 0.66663659, 0.27813974]",1
33,2024-05-06_14:23:00__clean_paper,47,7,0.607,0.6848191022872925,0.3440780335315672,4.36294717877477,"[0.57292378, 0.30530101, 0.22032925]","[0.58862317, 0.28755301, 0.20150915]","[-0.00276124547, 0.000956743432, -0.0193243101, 0.999809027]","[-0.702654362, -0.00448659435, 0.000172743443, 0.711517155]","[0.57304454, 0.41642484, 0.2802811]","[0.41421455, 0.7216416, 0.27794483]",1
34,2024-05-15_14:20:51__clean_paper,415,7,0.623,0.6875637769699097,0.3066743795413369,4.384210746718009,"[0.5438593, 0.30590761, 0.22008041]","[0.56433433, 0.29653713, 0.20262752]","[-0.00242646947, 0.000969468267, -0.00417017238, 0.9999879]","[-0.70254111, -0.00348892, 0.00134782, 0.71163332]","[0.54171473, 0.41500652, 0.2801556]","[0.42691791, 0.6993776, 0.27816668]",1
35,2024-05-15_14:20:51__clean_paper,419,7,0.617,0.6915423274040222,0.3268759561555447,4.397455448061836,"[0.53820676, 0.30519587, 0.22006598]","[0.54891312, 0.29162538, 0.22499658]","[-0.00356918341, 0.000707514351, -0.00434159441, 0.999983966]","[-0.70833927, -0.00305472, -0.00371414, 0.70585573]","[0.53792423, 0.41633379, 0.27998936]","[0.48219612, 0.73841888, 0.27812701]",1
36,2024-05-06_15:31:11__clean_paper,113,7,0.619,0.6931270360946655,0.3048596980234269,4.379339010756415,"[0.55162919, 0.31133324, 0.22032374]","[0.57078016, 0.29638058, 0.1982989]","[-0.00328325853, 0.000893008197, -0.010227859, 0.999941885]","[-0.70085675, -0.00557325, 0.00163149, 0.71327841]","[0.55183721, 0.42181429, 0.28004184]","[0.43595424, 0.70378572, 0.27840173]",1
37,2024-05-08_14:15:56__clean_paper,153,7,0.637,0.6964426040649414,0.3746451896605481,4.422897592007516,"[0.56563103, 0.31976515, 0.22113612]","[0.57703429, 0.31528279, 0.20104763]","[-0.00326315011, 0.000106021143, 0.0178402849, 0.999835491]","[-0.70212388, -0.00170237, -0.00248019, 0.71204841]","[0.56613088, 0.42962816, 0.28070223]","[0.64107651, 0.79669678, 0.27902886]",1
38,2024-05-06_14:23:00__clean_paper,59,7,0.628,0.702264666557312,0.4608966378735094,4.369462080227312,"[0.55528122, 0.30652153, 0.2202372]","[0.56902683, 0.29329494, 0.18699005]","[-0.00263503, 0.00142012, 0.00105748, 0.99999493]","[-0.69671398, -0.0047561, -0.00100939, 0.71733254]","[0.55523002, 0.41777924, 0.28022477]","[0.47469792, 0.87157512, 0.27712795]",1
39,2024-05-06_14:23:00__clean_paper,63,7,0.631,0.7032277584075928,0.4101783964886552,4.360061833233355,"[0.55319744, 0.30086714, 0.22018582]","[0.57180518, 0.2878269, 0.19271477]","[-0.00224510767, 0.000315962097, -0.000614251883, 0.999997258]","[-0.69776362, -0.00648295, 0.00302974, 0.71629238]","[0.55275321, 0.41229603, 0.28046766]","[0.41952598, 0.8002246, 0.27759662]",1
40,2024-05-06_15:31:11__clean_paper,121,7,0.629,0.7064296007156372,0.2841835537537092,4.398051429040293,"[0.55222279, 0.30779409, 0.22029993]","[0.55362666, 0.29315913, 0.22413847]","[-0.00318710739, 0.00054763176, -0.0158154033, 0.999869704]","[-0.70808691, -0.00268531, -0.00472225, 0.7061044]","[0.55169225, 0.41910413, 0.28017938]","[0.45070753, 0.68473303, 0.27826539]",1
41,2024-05-15_14:20:51__clean_paper,411,7,0.626,0.7117626070976257,0.3040155834501605,4.369601772196192,"[0.54825306, 0.30730689, 0.22002685]","[0.56592631, 0.29335201, 0.2056246]","[-0.00360574666, 0.000702814257, -0.00991842151, 0.999944091]","[-0.70713145, -0.00070982, 0.00171277, 0.70707965]","[0.5479427, 0.41811544, 0.27996355]","[0.4479188, 0.70519894, 0.27802563]",1
42,2024-05-07_18:04:00__clean_paper,249,7,0.653,0.7152285575866699,0.3362763166731475,4.388273935984128,"[0.55507112, 0.31985688, 0.21983325]","[0.58264154, 0.30229524, 0.19114973]","[-0.00251158979, 0.000948271132, -0.0102544893, 0.999943793]","[-0.69848889, -0.00319861, 0.00238174, 0.71560979]","[0.56456101, 0.42823234, 0.27996609]","[0.41964579, 0.73167366, 0.27779651]",1
43,2024-05-06_15:31:11__clean_paper,129,7,0.642,0.7174153327941895,0.3301897706050836,4.376216195912776,"[0.56824839, 0.31215531, 0.22031593]","[0.58231747, 0.29499403, 0.19463252]","[-0.00279196864, 0.000874183141, -0.0261266977, 0.999654353]","[-0.69892132, -0.00335431, -0.00147692, 0.71518916]","[0.56845737, 0.42242366, 0.28005561]","[0.41833568, 0.7165069, 0.27810305]",1
44,2024-05-15_14:20:51__clean_paper,409,7,0.639,0.7190924286842346,0.3505821357042278,4.369273183094461,"[0.53652114, 0.30908322, 0.22010908]","[0.56007522, 0.29406694, 0.20661919]","[-0.00383517612, 0.000871922413, -0.00167064578, 0.99999088]","[-0.70985937, -0.00227989, 0.003066, 0.70433307]","[0.53645355, 0.41973475, 0.27984044]","[0.45500588, 0.76071984, 0.27802905]",1
45,2024-05-07_18:04:00__clean_paper,247,7,0.653,0.7252373695373535,0.3455856767160994,4.394126058616971,"[0.55507112, 0.31985688, 0.21983325]","[0.57241386, 0.30325487, 0.19265203]","[-0.00372552, 0.00107328, -0.01745181, 0.9998402]","[-0.69863015, -0.00370732, -0.00119843, 0.7154724]","[0.55497205, 0.43055564, 0.2797792]","[0.39872202, 0.73879308, 0.27752692]",1
46,2024-05-15_14:20:51__clean_paper,405,7,0.644,0.7272674441337585,0.4057809976768842,4.371065803207522,"[0.53663498, 0.30782688, 0.22005913]","[0.55456358, 0.29366961, 0.20213033]","[-0.00381853129, 0.00074465794, -0.00334344641, 0.999986827]","[-0.7077269, -0.00306272, -0.00478335, 0.70646334]","[0.53648168, 0.41871643, 0.28006715]","[0.46473706, 0.81809771, 0.27771753]",1
47,2024-05-06_14:23:00__clean_paper,73,7,0.657,0.7309378981590271,0.545128434170187,4.385148972128773,"[0.56570995, 0.31082767, 0.2202093]","[0.57735044, 0.29574242, 0.20574205]","[-0.0033834395, 0.00047970732, -0.00292945676, 0.999989867]","[-0.702364922, 0.000525144977, -0.000641734863, 0.711816549]","[0.56540525, 0.42199156, 0.28005773]","[0.48560062, 0.96123856, 0.2770749]",1
48,2024-05-06_15:31:11__clean_paper,141,7,0.667,0.7324779033660889,0.3071350353529585,4.414357514941054,"[0.55393773, 0.31280595, 0.22030962]","[0.55144155, 0.29619941, 0.22786161]","[-0.00357711967, 0.000585048052, -0.017265154, 0.999844372]","[-0.70756102, -0.00402996, -0.00564669, 0.70661819]","[0.55397969, 0.42296162, 0.27995965]","[0.44679374, 0.7107808, 0.27816483]",1
49,2024-05-06_15:31:11__clean_paper,143,7,0.669,0.7360109090805054,0.414078906157045,4.38763613687172,"[0.55639654, 0.31723142, 0.22019812]","[0.5721724, 0.29948312, 0.19268183]","[-0.00345825823, 0.000927303161, -0.00721686706, 0.999967575]","[-0.69787949, -0.0025009, -0.00085475, 0.71621031]","[0.55647975, 0.42731199, 0.27994293]","[0.45886409, 0.82971352, 0.277592]",1
50,2024-05-06_15:31:11__clean_paper,137,7,0.666,0.7409034371376038,0.3172029271037618,4.420418053079508,"[0.55507499, 0.31927055, 0.22029248]","[0.55537796, 0.30247775, 0.22349565]","[-0.00322244223, 0.000920783321, 0.012638038, 0.999914527]","[-0.70792377, 0.000400928606, -0.00370792765, 0.706279039]","[0.5550552, 0.42949957, 0.27987421]","[0.61780012, 0.74043214, 0.27856833]",1
51,2024-05-15_14:20:51__clean_paper,385,7,0.67,0.742189884185791,0.3637967661696337,4.378805232131174,"[0.54290372, 0.30712801, 0.22031835]","[0.56607956, 0.29438564, 0.20211639]","[-0.00314974482, 0.000540867506, -0.00747143803, 0.999966979]","[-0.70086044, -0.00628884, 0.00335737, 0.7132628]","[0.54342878, 0.41852772, 0.28005683]","[0.39776364, 0.75188166, 0.2778416]",1
52,2024-05-06_14:23:00__clean_paper,83,7,0.671,0.7478160858154297,0.4276980915845742,4.398514376785308,"[0.56218708, 0.31558937, 0.22005355]","[0.57627153, 0.30436897, 0.19879629]","[-0.0017185749, 0.000472860265, -0.0109145567, 0.999938846]","[-0.701167524, -0.000222254865, 0.00107358664, 0.712995708]","[0.56177086, 0.42800322, 0.28033903]","[0.38042203, 0.81533784, 0.2771523]",1
53,2024-05-15_14:20:51__clean_paper,381,7,0.679,0.7489368915557861,0.4636194294613679,4.379647678757227,"[0.54403412, 0.30689573, 0.22019914]","[0.565364, 0.2943233, 0.2002137]","[-0.00319550489, 0.000491825573, -0.00130718458, 0.99999392]","[-0.70014668, -0.0053439, 0.00253627, 0.71397454]","[0.5439623, 0.41797042, 0.28013653]","[0.4291276, 0.86713523, 0.27750149]",1
54,2024-05-06_14:23:00__clean_paper,79,7,0.663,0.751215934753418,0.4444888116457722,4.402085171392981,"[0.55995142, 0.31846815, 0.22021806]","[0.56974977, 0.30485284, 0.20703396]","[-0.00390990172, 0.000470388797, -0.0173483938, 0.99984175]","[-0.70735395, 0.000386707252, -0.00518270815, 0.706840396]","[0.5598374, 0.42913428, 0.28009105]","[0.38923281, 0.83956695, 0.2770243]",1
55,2024-05-08_14:15:56__clean_paper,123,7,0.693,0.755340039730072,0.4129824990099305,4.381211693535093,"[0.55244762, 0.30908602, 0.22072458]","[0.56694293, 0.29393801, 0.19872199]","[-0.00278037158, 0.000397369033, -0.0042063836, 0.999987185]","[-0.700371802, -0.00315861637, 8.81557844e-06, 0.713771224]","[0.55248439, 0.4196251, 0.28043038]","[0.45796522, 0.82164001, 0.27826646]",1
56,2024-05-15_14:20:51__clean_paper,367,7,0.7,0.7597826719284058,0.4855277716757366,4.37969341105055,"[0.55468625, 0.30648685, 0.22017947]","[0.56739682, 0.29109013, 0.20398]","[-0.00336737488, 0.000166285026, -0.00422676606, 0.999985397]","[-0.70205986, -0.00157904, -0.00210817, 0.71211308]","[0.55430442, 0.41738197, 0.28019899]","[0.47932559, 0.89707845, 0.27761498]",1
57,2024-05-07_18:04:00__clean_paper,231,7,0.691,0.7612439393997192,0.3701070928441205,4.452927821403186,"[0.55428559, 0.3274731, 0.21981755]","[0.55679262, 0.31505153, 0.2206696]","[-0.00362813054, 0.00085532933, -0.0136061199, 0.99990046]","[-0.70766163, 0.00435325, -0.00605616, 0.70651215]","[0.54969573, 0.44209906, 0.27965528]","[0.47394991, 0.80436742, 0.27779323]",1
58,2024-05-06_15:31:11__clean_paper,171,7,0.701,0.7664712071418762,0.386854820737141,4.378502110668172,"[0.55578399, 0.30825984, 0.22027549]","[0.56852019, 0.29281756, 0.19989687]","[-0.00374894659, 0.00021690382, -0.0160268731, 0.999864519]","[-0.70150417, -0.00403934, -0.00120538, 0.71265286]","[0.55502176, 0.41967762, 0.28006417]","[0.39211974, 0.77055329, 0.27764714]",1
59,2024-05-15_14:20:51__clean_paper,359,7,0.709,0.7687471508979797,0.4100616687699071,4.405951306027878,"[0.54671162, 0.30573058, 0.21998391]","[0.54813099, 0.29242352, 0.22528508]","[-0.00320021017, 4.92566724e-05, -0.00994135626, 0.999945462]","[-0.7075848, -0.00185521, -0.00522601, 0.70660669]","[0.54622847, 0.41687736, 0.28012353]","[0.45852011, 0.81744313, 0.27791488]",1
60,2024-05-06_15:31:11__clean_paper,175,7,0.708,0.7736159563064575,0.4200967403485184,4.37756644150726,"[0.55804884, 0.30494523, 0.22045368]","[0.57242596, 0.29250723, 0.19913906]","[-0.00337397447, 0.00030062109, -0.0114459088, 0.999928772]","[-0.70095271, -0.00127074, -0.00094884, 0.71320599]","[0.55789095, 0.41597676, 0.28021452]","[0.41183728, 0.80985659, 0.27733788]",1
61,2024-05-15_14:20:51__clean_paper,355,7,0.71,0.7745819687843323,0.5159639707469088,4.397188634657352,"[0.54554474, 0.3087163, 0.22007689]","[0.56259829, 0.30123088, 0.19760643]","[-0.00351033476, 0.000878736842, -0.0031608385, 0.999988437]","[-0.69916028, -0.00289772, -0.00089324, 0.71495849]","[0.54524589, 0.42002675, 0.28010526]","[0.42947182, 0.92282546, 0.27716488]",1
62,2024-05-07_18:04:00__clean_paper,207,7,0.728,0.7785314321517944,0.4092418215195611,4.454340905354306,"[0.54688698, 0.31935149, 0.22018862]","[0.5467574, 0.3079505, 0.22470382]","[-0.00438321615, 0.000905612193, -0.011095007, 0.999928415]","[-0.7059055, 0.00296161, -0.00697795, 0.70826548]","[0.54652786, 0.43039435, 0.27976766]","[0.49006543, 0.83571553, 0.27740079]",1
63,2024-05-15_14:20:51__clean_paper,345,7,0.721,0.7812857031822205,0.4736732140942625,4.389707149705284,"[0.54050821, 0.30672616, 0.2199581]","[0.5619325, 0.29698715, 0.20124164]","[-0.00165301096, 0.000564459828, -0.00119457894, 0.999997735]","[-0.70198447, -0.00445205, 0.00132252, 0.7121771]","[0.54084653, 0.41738024, 0.28041545]","[0.41924438, 0.87516916, 0.27749291]",1
64,2024-05-06_14:23:00__clean_paper,103,7,0.716,0.7860265970230103,0.4395840088977427,4.378698663440125,"[0.55059963, 0.31304258, 0.22080466]","[0.56744295, 0.29761907, 0.20153455]","[-0.0036728764, 0.00058146735, -0.017297823, 0.999843478]","[-0.706341028, -0.000472816697, 0.000232396138, 0.707871497]","[0.55077976, 0.42451075, 0.2803852]","[0.34543225, 0.8131696, 0.27709901]",1
65,2024-05-15_14:20:51__clean_paper,353,7,0.711,0.7885757088661194,0.4565720189031166,4.375516280214867,"[0.54453635, 0.30729562, 0.22011542]","[0.56508619, 0.29549155, 0.20486201]","[-0.00390748959, 0.000708071806, -0.000601323671, 0.999991953]","[-0.70609325, -0.00377002, 0.00184642, 0.7081064]","[0.54451209, 0.4180218, 0.28010121]","[0.45169237, 0.86505204, 0.27755821]",1
66,2024-05-06_15:31:11__clean_paper,185,7,0.728,0.7920430898666382,0.3799357063269633,4.389865655800841,"[0.56739265, 0.32204103, 0.2207284]","[0.58189034, 0.29940945, 0.19516726]","[-0.00366946287, 0.000425309438, -0.0364514142, 0.999328613]","[-0.69789392, -0.00458758, -0.00266569, 0.71618152]","[0.56750399, 0.43264908, 0.27996606]","[0.39054063, 0.7688508, 0.27809283]",1
67,2024-05-15_14:20:51__clean_paper,321,7,0.741,0.7959962487220764,0.4277805402236995,4.402767616994328,"[0.53982395, 0.30832046, 0.22020215]","[0.55527723, 0.29587552, 0.21359806]","[-0.00332487072, 0.000248937402, -0.00631086761, 0.999974549]","[-0.70450133, -0.00415029, -0.00299512, 0.70968425]","[0.53971988, 0.419159, 0.28020656]","[0.43294606, 0.83339298, 0.27780887]",1
68,2024-05-07_18:04:00__clean_paper,199,7,0.745,0.7994977235794067,0.3865160306124851,4.437009823934804,"[0.53804368, 0.32528329, 0.2198965]","[0.5490104, 0.30781391, 0.21461323]","[-0.00374217331, 0.000763581309, -0.0307220444, 0.999520659]","[-0.70605791, 0.00278501, -0.00295498, 0.70814246]","[0.53778094, 0.43613091, 0.27963462]","[0.36509699, 0.78191829, 0.27718833]",1
69,2024-05-07_18:04:00__clean_paper,205,7,0.733,0.7995450496673584,0.4265937164781928,4.439676601363747,"[0.54466957, 0.31610656, 0.21969995]","[0.55282569, 0.30893221, 0.22146156]","[-0.00375913037, 0.000679459015, -0.00433348911, 0.999983311]","[-0.70778388, 0.00095558, -0.00392686, 0.7064175]","[0.54437119, 0.42751539, 0.27991453]","[0.50352603, 0.85214263, 0.27755329]",1
70,2024-05-15_14:20:51__clean_paper,331,7,0.735,0.8035430312156677,0.5063287022589701,4.373120344235757,"[0.53996551, 0.30566227, 0.22003108]","[0.55856317, 0.29229823, 0.20127462]","[-0.002739263, 0.000340330706, -0.00290460885, 0.999991953]","[-0.7033115, -0.00607883, -0.00438131, 0.71084225]","[0.53957725, 0.41739327, 0.28016657]","[0.42956695, 0.91161805, 0.27727699]",1
71,2024-05-06_15:31:11__clean_paper,203,7,0.749,0.8081588745117188,0.5162079602220764,4.408897148694101,"[0.5619216, 0.3156085, 0.22028738]","[0.5702135, 0.30345812, 0.20393263]","[-0.00318667968, 0.000870828226, -0.00703581423, 0.99996978]","[-0.70114356, 0.00191198, -0.00464871, 0.71300244]","[0.56172478, 0.42674282, 0.28025863]","[0.48988512, 0.93791771, 0.27710333]",1
72,2024-05-15_14:20:51__clean_paper,315,7,0.753,0.8093136548995972,0.4198108346820972,4.401205495572913,"[0.54510754, 0.3072446, 0.22022992]","[0.55494761, 0.29421711, 0.21803677]","[-0.00337324827, 0.000676356663, -0.0121469609, 0.999920309]","[-0.706566513, 8.09582853e-05, -0.00390358013, 0.70763588]","[0.54475784, 0.41825899, 0.2802344]","[0.43543687, 0.82357973, 0.27796161]",1
73,2024-05-06_15:31:11__clean_paper,213,7,0.767,0.8143466711044312,0.3905451647521455,4.424468735005109,"[0.55373037, 0.3141045, 0.22021589]","[0.55490887, 0.30064166, 0.22045232]","[-0.00405115, 0.00110672, -0.01581571, 0.99986613]","[-0.705405712, 3.89776096e-06, -0.0064677042, 0.708774269]","[0.55354857, 0.42556033, 0.2801187]","[0.43368363, 0.79724813, 0.27764863]",1
74,2024-05-15_14:20:51__clean_paper,299,7,0.771,0.8160704374313354,0.5489192716780038,4.383230551118111,"[0.54269809, 0.30778891, 0.22037962]","[0.55695504, 0.28791007, 0.20681563]","[-0.00346745644, 0.0004901801, -0.00289467862, 0.999989688]","[-0.7015689, -0.00172594, -0.00205685, 0.71259654]","[0.54369992, 0.41769725, 0.28026831]","[0.47498134, 0.96229082, 0.27744627]",1
75,2024-05-06_15:31:11__clean_paper,215,7,0.769,0.8219932317733765,0.4320211265447443,4.406750118132583,"[0.55336356, 0.31305993, 0.22034404]","[0.55910683, 0.2994132, 0.20784135]","[-0.00306789321, 0.000753261498, -0.0122999996, 0.999919355]","[-0.703231514, 0.00029248881, -0.00361070572, 0.710951686]","[0.55323708, 0.42438844, 0.28024909]","[0.43763724, 0.84064674, 0.27742884]",1
76,2024-05-15_14:20:51__clean_paper,301,7,0.766,0.8230662941932678,0.5025512452241961,4.427291020047042,"[0.53624368, 0.31154102, 0.22010893]","[0.54471081, 0.30333114, 0.21459155]","[-0.00354918931, 0.000950916612, -0.00491245463, 0.999981165]","[-0.70621341, -0.00123877, -0.00979894, 0.70793015]","[0.53581768, 0.42324081, 0.28038087]","[0.49758947, 0.9243291, 0.27775753]",1
77,2024-05-06_15:31:11__clean_paper,221,7,0.773,0.8263803720474243,0.5210750657539776,4.404379120356242,"[0.54456073, 0.31112546, 0.22029176]","[0.56029135, 0.30060506, 0.20272636]","[-0.0026564938, 0.000542457681, -0.000773995998, 0.999996006]","[-0.70135695, -0.00165367, -0.00152499, 0.7128067]","[0.54436255, 0.42261913, 0.28027809]","[0.46998414, 0.93834841, 0.27705488]",1
78,2024-05-06_14:23:00__clean_paper,127,7,0.783,0.830559492111206,0.5441654692134346,4.376131155477292,"[0.55668139, 0.3093614, 0.21980622]","[0.5708462, 0.29193243, 0.18818551]","[-0.00310097984, 0.00095280091, -0.0143530713, 0.999891698]","[-0.69269598, -0.00681818, -0.00315879, 0.72119051]","[0.55756122, 0.42024392, 0.28017822]","[0.35573208, 0.92558551, 0.27687126]",1
79,2024-05-06_14:23:00__clean_paper,149,7,0.875,0.8338080644607544,0.6729162971633552,4.437062629362797,"[0.56798595, 0.31970698, 0.22071016]","[0.57464731, 0.30231798, 0.19323477]","[-0.00350168603, 0.000176569185, 0.000473858468, 0.999993742]","[-0.68632329, 0.00165897, -0.01221014, 0.72719216]","[0.56789345, 0.43034649, 0.2801629]","[0.6025418, 1.10236096, 0.27664441]",1
80,2024-05-06_14:23:00__clean_paper,121,7,0.775,0.8357893228530884,0.5347920219195248,4.392867370798517,"[0.56194431, 0.31500685, 0.22052273]","[0.56516248, 0.29831576, 0.20350866]","[-0.00380404363, 0.0007606523, -0.0233901702, 0.999718904]","[-0.70508003, -0.00155752, -0.00895353, 0.70906949]","[0.5620591, 0.42534378, 0.28014365]","[0.37000716, 0.92445117, 0.27692357]",1
81,2024-05-08_14:15:56__clean_paper,39,7,0.836,0.8391965627670288,0.6010656041492699,4.391291863899712,"[0.54405808, 0.3084653, 0.21948355]","[0.56175429, 0.29474476, 0.18762632]","[-0.00252056844, 0.000761402072, 0.00834289752, 0.999961734]","[-0.68864244, -0.00804301, -0.00481266, 0.72504056]","[0.54856658, 0.41748741, 0.28015754]","[0.53855824, 1.01846623, 0.27812043]",1
82,2024-05-06_15:31:11__clean_paper,255,7,0.815,0.8433599472045898,0.4456948845890828,4.429272767893532,"[0.55087507, 0.31418538, 0.22029564]","[0.55945772, 0.30372605, 0.20850405]","[-0.00198151101, 0.000871072232, -0.0203848984, 0.999789834]","[-0.701193571, 0.000518599176, -0.0062892898, 0.712943017]","[0.55093592, 0.42570305, 0.28009215]","[0.37099594, 0.83344936, 0.27718106]",1
83,2024-05-08_14:15:56__clean_paper,37,7,0.838,0.8476623892784119,0.521722356212392,4.416841885506755,"[0.5482254, 0.30665189, 0.22043896]","[0.55790269, 0.29801685, 0.20117509]","[-0.00099357625, 0.000769186416, -0.00997741055, 0.999949455]","[-0.697213531, -0.000468373415, -0.00716129271, 0.716827571]","[0.54822153, 0.41733348, 0.2804656]","[0.45792279, 0.93117732, 0.27825925]",1
84,2024-05-15_14:20:51__clean_paper,263,7,0.817,0.8511444926261902,0.440956707638402,4.385158141503104,"[0.53786063, 0.3054294, 0.22016069]","[0.55466318, 0.29073408, 0.20296168]","[-0.00325774751, 0.000794471882, -0.0153902397, 0.999875963]","[-0.70329571, -0.0027877, -0.00641108, 0.71086305]","[0.5376386, 0.4169676, 0.28017172]","[0.39536777, 0.83433646, 0.2779215]",1
85,2024-05-07_18:04:00__clean_paper,149,7,0.87,0.8515350818634033,0.6199227845774364,4.422696468320541,"[0.54773301, 0.30895865, 0.21994248]","[0.55887896, 0.29597285, 0.19825956]","[-0.00298897526, 0.000796759035, -0.00914627966, 0.999953389]","[-0.69221514, 0.00204302, -0.00798279, 0.72164416]","[0.54737341, 0.42014951, 0.27991396]","[0.45463532, 1.03308558, 0.27627149]",1
86,2024-05-06_15:31:11__clean_paper,265,7,0.825,0.855732262134552,0.5213296721226639,4.410833469058639,"[0.55833209, 0.31367946, 0.22029164]","[0.55774009, 0.29978713, 0.20398498]","[-0.00407487294, 0.000827262586, -0.00870075077, 0.999953508]","[-0.70434421, 0.00136599, -0.01093675, 0.709773]","[0.5581522, 0.42467055, 0.28010729]","[0.53405988, 0.94543475, 0.27713519]",1
87,2024-05-06_15:31:11__clean_paper,295,7,0.852,0.8586524724960327,0.5027930777412041,4.441430465287261,"[0.54734462, 0.31324446, 0.22007608]","[0.55121654, 0.30269045, 0.20811552]","[-0.00289370934, 0.000711734523, -0.0213192478, 0.999768257]","[-0.698926866, 0.00066257955, -0.0118041262, 0.715095401]","[0.54771906, 0.42526069, 0.28020048]","[0.39754781, 0.90509212, 0.2768425]",1
88,2024-05-07_18:04:00__clean_paper,169,7,0.84,0.8638108968734741,0.5060061522417082,4.412635698570653,"[0.55235589, 0.31371939, 0.22000825]","[0.55795091, 0.29934129, 0.20318323]","[-0.0040346398, 0.000861141772, -0.0202007238, 0.99978745]","[-0.70243239, 0.00094694, -0.01075315, 0.71166861]","[0.55200106, 0.42480326, 0.27978346]","[0.41212732, 0.91108418, 0.27687988]",1
89,2024-05-06_15:31:11__clean_paper,393,7,0.954,0.8647211790084839,0.6496515622170972,4.461106022030034,"[0.55148894, 0.31407636, 0.22038579]","[0.55227166, 0.29727566, 0.19788429]","[-0.00260484661, 0.000627944304, -0.017051924, 0.999850988]","[-0.68680555, 0.00568161, -0.01894284, 0.7265721]","[0.55148, 0.42451167, 0.28015891]","[0.50377339, 1.07239819, 0.27637786]",1
90,2024-05-06_15:31:11__clean_paper,465,7,1.041,0.8703302145004272,0.6433766374966002,4.529273498577112,"[0.55771184, 0.3202275, 0.22014955]","[0.55149704, 0.30647698, 0.20204562]","[-0.0017913013, 0.000173604625, -0.0301469676, 0.999543846]","[-0.68170482, 0.01461039, -0.02602968, 0.73101813]","[0.55742234, 0.43130487, 0.28027442]","[0.50530374, 1.07255268, 0.27598527]",1
91,2024-05-06_15:31:11__clean_paper,313,7,0.877,0.8736924529075623,0.5263714069583555,4.460114266193775,"[0.55660784, 0.31128728, 0.22064084]","[0.5448215, 0.29805076, 0.22993556]","[-0.00378223229, 0.000803880102, -0.00606555212, 0.999974132]","[-0.70141339, 0.00417528, -0.00999611, 0.71267235]","[0.55663502, 0.42207649, 0.27991056]","[0.57882065, 0.94797343, 0.27725196]",1
92,2024-05-07_18:04:00__clean_paper,33,7,1.139,0.8762651681900024,0.5742091817435615,4.576712968336739,"[0.57736057, 0.32576138, 0.22047395]","[0.55916554, 0.30875233, 0.20725635]","[-0.00359059544, 0.000611578289, -0.00900487415, 0.999952793]","[-0.67366886, 0.01858817, -0.03142266, 0.73813099]","[0.57722402, 0.43638483, 0.28007939]","[0.7471863, 0.9848572, 0.2774224]",1
93,2024-05-07_18:04:00__clean_paper,85,7,0.997,0.8797728419303894,0.6928351125042166,4.4957857742917895,"[0.54151571, 0.30789191, 0.22001129]","[0.5373466, 0.29618624, 0.2094716]","[-0.00222121831, 0.000541442714, -0.00803104416, 0.999965131]","[-0.68752265, 0.00646376, -0.02201128, 0.72580045]","[0.54089701, 0.41937637, 0.27999163]","[0.62009716, 1.10766065, 0.27644446]",1
94,2024-05-15_14:20:51__clean_paper,185,7,0.923,0.8819930553436279,0.6577931545832882,4.452077624955834,"[0.53842574, 0.3033542, 0.22030571]","[0.53655297, 0.29308599, 0.21231234]","[-0.0024751327, -0.000164963232, -0.00130186684, 0.999996066]","[-0.69663709, 0.00377698, -0.01645934, 0.71722496]","[0.53772235, 0.41492969, 0.28052899]","[0.63129568, 1.06602681, 0.27762941]",1
95,2024-05-15_14:20:51__clean_paper,87,7,1.073,0.8841372728347778,0.6696364252534146,4.515859744483203,"[0.54813039, 0.31275636, 0.22023824]","[0.54638082, 0.29851159, 0.19817735]","[-0.00154528196, -0.000619633705, -0.000522640359, 0.99999845]","[-0.6775794, 0.01209875, -0.02652984, 0.73487139]","[0.54740715, 0.42400584, 0.28047547]","[0.72322303, 1.07014501, 0.27804953]",1
96,2024-05-06_15:31:11__clean_paper,473,7,1.045,0.8884170651435852,0.6702436776352713,4.485666545505054,"[0.54437882, 0.30962795, 0.22027847]","[0.54312772, 0.2925736, 0.20679687]","[-0.00242354139, 0.000241513655, -0.0125826122, 0.999917865]","[-0.68732327, 0.01004532, -0.02244568, 0.72593528]","[0.54400426, 0.42048496, 0.2801185]","[0.59207952, 1.08899236, 0.276483]",1
97,2024-05-15_14:20:51__clean_paper,89,7,1.072,0.8914341330528259,0.6882054458078842,4.514769992760503,"[0.54169488, 0.31256741, 0.22022721]","[0.54254931, 0.29633558, 0.20122893]","[-0.00221003662, -1.87799378e-05, 0.00243272516, 0.999994576]","[-0.67871159, 0.01135907, -0.0258349, 0.73386246]","[0.54288816, 0.42343709, 0.28030354]","[0.72433329, 1.0872885, 0.27791426]",1
98,2024-05-06_15:31:11__clean_paper,543,7,1.128,0.8937225341796875,0.6582856030434061,4.515197688739434,"[0.55847812, 0.3097164, 0.22040394]","[0.54668975, 0.28942052, 0.2013718]","[-0.0027976376, 0.000430735381, -0.0187139697, 0.999820888]","[-0.67446899, 0.01525059, -0.02818351, 0.73760742]","[0.55842233, 0.42017066, 0.280141]","[0.64842343, 1.07226717, 0.2769981]",1
99,2024-05-06_15:31:11__clean_paper,575,7,1.16,0.8983749151229858,0.6133637334526768,4.555496505594681,"[0.56229633, 0.30967313, 0.22018006]","[0.54411137, 0.29865915, 0.20080252]","[-0.000313705328, -0.000272817939, -0.0206891131, 0.9997859]","[-0.67275989, 0.01822519, -0.03303325, 0.73889834]","[0.56157845, 0.42143077, 0.28049806]","[0.70441592, 1.01792383, 0.27757382]",1
100,2024-05-16_13:49:02__clean,40,7,0.702,0.7705098986625671,0.3035406987824238,4.606393708565951,"[0.58177215, 0.15525806, 0.22124979]","[0.61509109, 0.12784505, 0.20958212]","[-0.00386787532, 0.000148099105, -0.00155946438, 0.999991298]","[-0.70724523, -0.00984781, 0.00857711, 0.70684767]","[0.58180904, 0.25537091, 0.28137958]","[0.47343865, 0.53889608, 0.27887115]",2
101,2024-05-16_13:49:02__clean,30,7,0.641,0.7150065302848816,0.3341516618343701,4.630827827447369,"[0.58505374, 0.15693069, 0.22130588]","[0.61766404, 0.13403928, 0.20767435]","[-0.00425867829, 2.49301556e-05, 0.0135388412, 0.999899268]","[-0.70695323, -0.00964431, 0.00718639, 0.70715803]","[0.58480078, 0.25728536, 0.28148374]","[0.54190004, 0.5886659, 0.27953613]",2
102,2024-05-16_13:49:02__clean,14,7,0.571,0.5851064920425415,0.2268764703350278,4.496344539321235,"[0.59394711, 0.15096319, 0.22134739]","[0.63398337, 0.12502068, 0.19861019]","[-0.00327998819, 0.000247694697, 0.00565626472, 0.999978602]","[-0.70505565, -0.02240192, 0.01427432, 0.70865434]","[0.59375286, 0.25186774, 0.28156805]","[0.49809319, 0.45758408, 0.27985153]",2
103,2024-05-16_13:49:02__clean,35,7,0.675,0.7620558142662048,0.3565959984955349,4.656521047366523,"[0.58690852, 0.1567075, 0.22136155]","[0.6176964, 0.13467021, 0.21762985]","[-0.00437516253, 0.000264299946, 0.00353912637, 0.999984145]","[-0.70692873, -0.00320461, 0.0016681, 0.70727557]","[0.58674461, 0.25772843, 0.28169498]","[0.52778602, 0.60940647, 0.27902207]",2
104,2024-05-16_13:49:02__clean,61,7,0.811,0.8772764801979065,0.5299856223118012,4.740537466385304,"[0.58361697, 0.16276714, 0.22139111]","[0.60089248, 0.13861732, 0.20416768]","[-0.00391237019, -6.73777977e-05, 0.00306980498, 0.999987662]","[-0.70418417, -0.00449376, -0.00864024, 0.70995057]","[0.58344769, 0.26318789, 0.28157303]","[0.56262904, 0.79275727, 0.27881485]",2
105,2024-05-16_13:49:02__clean,153,7,0.52,0.5340574979782104,0.1848112805002277,4.576346251768497,"[0.58777374, 0.16047513, 0.22134998]","[0.62638569, 0.13311739, 0.19450457]","[-0.00255829422, 0.000462417695, -0.00230057049, 0.99999398]","[-0.69273108, -0.01956552, 0.00403202, 0.72091925]","[0.58781266, 0.2607893, 0.28131786]","[0.50362444, 0.42530584, 0.27995363]",2
106,2024-05-16_13:49:02__clean,4,7,0.523,0.6130052208900452,0.2407857084167944,4.692236185899043,"[0.56837362, 0.14938942, 0.22145474]","[0.59542602, 0.12140926, 0.23819157]","[-0.00382393226, 0.000383312174, 0.00535962731, 0.999978244]","[-0.70353186, 0.01397363, -0.00099058, 0.71052563]","[0.56859142, 0.24932429, 0.28110161]","[0.58440113, 0.4895874, 0.27989706]",2
107,2024-05-16_13:49:02__clean,7,7,0.541,0.6219708919525146,0.2493095609287274,4.650465227638271,"[0.58743662, 0.15318686, 0.22157475]","[0.61941993, 0.13223611, 0.22553445]","[-0.00383063685, -0.000352142873, 0.010425874, 0.99993825]","[-0.707099259, 0.00262959767, 0.000432875648, 0.707109272]","[0.58709037, 0.25407973, 0.28192481]","[0.59038252, 0.50336033, 0.2800273]",2
108,2024-05-16_13:49:02__clean,46,7,0.728,0.8160739541053772,0.3431995137056421,4.729911157782174,"[0.58980584, 0.16290238, 0.22136119]","[0.60611558, 0.13576058, 0.22606078]","[-0.00534932502, 0.000462217984, -0.00285833841, 0.999981523]","[-0.71043622, 0.01111573, -0.00366294, 0.70366424]","[0.58964992, 0.26404124, 0.28155974]","[0.59848726, 0.60712141, 0.27960798]",2
109,2024-05-16_13:49:02__clean,60,7,0.806,0.8831851482391357,0.4352092949293458,4.655868144359193,"[0.59519291, 0.16267619, 0.22139239]","[0.61898035, 0.13504867, 0.21473715]","[-0.00414171256, -3.73988441e-05, -0.00119212526, 0.999990702]","[-0.710616529, 0.000555287639, 0.000742883247, 0.703578889]","[0.59485018, 0.26297423, 0.2816267]","[0.54375547, 0.6951651, 0.27888501]",2
110,2024-05-16_13:49:02__clean,152,7,0.514,0.562597930431366,0.2082439004420538,4.645670685667881,"[0.58492774, 0.15971386, 0.2213167]","[0.61969298, 0.138285, 0.2016584]","[-0.00309582055, 0.000227558819, 0.00470855087, 0.999984086]","[-0.70048881, -0.01347036, 0.0015256, 0.71353465]","[0.58468181, 0.26038519, 0.28160343]","[0.51557523, 0.4568224, 0.28011164]",2
111,2024-05-16_13:49:02__clean,34,7,0.671,0.7356798052787781,0.3604798065359302,4.595299923547322,"[0.58282256, 0.15195203, 0.22142369]","[0.61643612, 0.12752497, 0.20583683]","[-0.00426572561, 0.00017979242, 0.0153153203, 0.999873579]","[-0.70622009, -0.01267185, 0.00790279, 0.70783484]","[0.58272529, 0.25251025, 0.28171906]","[0.5291788, 0.60898328, 0.27938575]",2
112,2024-05-16_13:49:02__clean,22,7,0.611,0.7090554237365723,0.2830581629846184,4.751641560283959,"[0.56293315, 0.15132436, 0.2213724]","[0.58528072, 0.12537524, 0.23913831]","[-0.00398125406, -0.000185647892, 0.00520120515, 0.999978542]","[-0.70631188, 0.01658408, -0.0028395, 0.70770085]","[0.56276411, 0.25175565, 0.28128719]","[0.5856353, 0.5338847, 0.27986187]",2
113,2024-05-16_13:49:02__clean,47,7,0.735,0.805778443813324,0.3591074107330899,4.625174248170747,"[0.58573431, 0.15611386, 0.22137845]","[0.61888123, 0.13382488, 0.21095067]","[-0.00395916961, 0.000131466513, 0.00812457036, 0.999959171]","[-0.70818639, -0.01066968, 0.00815335, 0.70589781]","[0.58563501, 0.25663617, 0.28165805]","[0.50275809, 0.60604036, 0.2791554]",2
114,2024-05-16_13:49:02__clean,155,7,0.536,0.5864890813827515,0.2184846440938051,4.61485485791666,"[0.58831763, 0.16002023, 0.22140765]","[0.62295496, 0.13633987, 0.19914928]","[-0.00328659639, -0.000182473188, 0.005466545, 0.999979615]","[-0.70123458, -0.01641024, 0.00355904, 0.71273285]","[0.58807433, 0.2607882, 0.28173932]","[0.51410788, 0.46636397, 0.27997577]",2
115,2024-05-16_13:49:02__clean,18,7,0.601,0.6990894079208374,0.2682967390813768,4.805192645947399,"[0.57416022, 0.15849549, 0.22153679]","[0.59153378, 0.13686077, 0.24073955]","[-0.0048897597, 0.000122867728, 0.00145988981, 0.999986947]","[-0.70561922, 0.01333511, -0.00687157, 0.70843244]","[0.57396817, 0.25931939, 0.28136533]","[0.59516412, 0.52677381, 0.27994844]",2
116,2024-05-16_13:49:02__clean,42,7,0.724,0.8108238577842712,0.3384561058950871,4.784748208968771,"[0.58267832, 0.15445194, 0.2215088]","[0.59075743, 0.131983, 0.24490617]","[-0.00576451933, -3.13801247e-05, -0.00227991957, 0.999980807]","[-0.70453304, 0.01503809, -0.00963786, 0.70944637]","[0.58243519, 0.25633621, 0.28146854]","[0.63135761, 0.59123415, 0.27988571]",2
117,2024-05-16_13:49:02__clean,2,7,0.514,0.599578320980072,0.2257434054198513,4.696142603922546,"[0.57052904, 0.15036553, 0.22150767]","[0.60002548, 0.1255593, 0.23722261]","[-0.00401718821, 0.000372181443, 0.0059924908, 0.999973893]","[-0.70535249, 0.01193558, 0.0007844, 0.70875585]","[0.57050711, 0.25061667, 0.28136966]","[0.57680577, 0.47626865, 0.28010628]",2
118,2024-05-16_13:49:02__clean,9,7,0.549,0.6158565282821655,0.2439441763569788,4.617539281227352,"[0.58300638, 0.15148246, 0.22175974]","[0.6201787, 0.1301761, 0.21801104]","[-0.00402820529, -0.000109674613, 0.00827136822, 0.999957681]","[-0.70759296, -0.00367698, 0.00611736, 0.70658422]","[0.5830698, 0.25205004, 0.28184327]","[0.54685348, 0.49328125, 0.27968779]",2
119,2024-05-16_13:49:02__clean,51,7,0.757,0.8466379642486572,0.3556598176786917,4.757038459155622,"[0.58341265, 0.15841386, 0.22152078]","[0.59244591, 0.13117872, 0.22910269]","[-0.00433767587, 0.000268641365, -0.00190278282, 0.999988735]","[-0.70918977, 0.01402859, -0.00624146, 0.70485044]","[0.58337569, 0.25890613, 0.28144908]","[0.62371701, 0.612266, 0.27963784]",2
120,2024-05-16_13:49:02__clean,15,7,0.571,0.6654267907142639,0.2138853660880423,4.829625196460978,"[0.57554847, 0.1571584, 0.22144476]","[0.58481705, 0.1350622, 0.24931508]","[-0.00564061571, -0.000389238034, -0.000601426815, 0.999983847]","[-0.70474648, 0.01869798, -0.00801921, 0.70916742]","[0.57512718, 0.25915983, 0.28165019]","[0.60585541, 0.47082126, 0.28017843]",2
121,2024-05-16_13:49:02__clean,156,7,0.54,0.5614665746688843,0.2056532250560631,4.59582201136737,"[0.58999652, 0.15950924, 0.221439]","[0.62713116, 0.13720639, 0.19453998]","[-0.00228885119, 0.000480983173, 0.006370252, 0.999976993]","[-0.69156796, -0.018382, 0.00366193, 0.72206819]","[0.58994979, 0.25982955, 0.28158098]","[0.50488979, 0.44705954, 0.27985594]",2
122,2024-05-16_13:49:02__clean,53,7,0.762,0.8387100696563721,0.4316090915472135,4.635231561053063,"[0.58813334, 0.15622076, 0.22154891]","[0.61168689, 0.1282527, 0.20800555]","[-0.00370090292, -0.000273278274, 0.000792050618, 0.999992788]","[-0.70798361, -0.00346366, 0.00085004, 0.70621985]","[0.58788979, 0.2567831, 0.28178865]","[0.53250158, 0.68481612, 0.27928182]",2
123,2024-05-16_13:49:02__clean,62,7,0.815,0.8947680592536926,0.4813965704887741,4.72219558861641,"[0.58364093, 0.15905979, 0.22146392]","[0.60513133, 0.13677271, 0.21569777]","[-0.00496426551, 0.000222137125, 0.000837209343, 0.999987304]","[-0.70970523, 0.00309466, -0.00289687, 0.70448595]","[0.58330005, 0.26027805, 0.28180945]","[0.55609143, 0.74089658, 0.27895093]",2
124,2024-05-16_13:49:02__clean,5,7,0.536,0.6250970363616943,0.2545425300889363,4.684730584339109,"[0.57291609, 0.1508826, 0.22150236]","[0.602382, 0.12573509, 0.23172788]","[-0.00439974247, -3.25152287e-05, 0.00157460093, 0.999989092]","[-0.70592821, 0.00903836, -0.00099004, 0.70822501]","[0.57272303, 0.25148228, 0.28159127]","[0.57091671, 0.50601149, 0.27971533]",2
125,2024-05-16_13:49:02__clean,25,7,0.621,0.696160078048706,0.2294737823077879,4.593443209131901,"[0.58581191, 0.15091112, 0.22154421]","[0.61869812, 0.1269245, 0.21044907]","[-0.00386887556, 0.000298175117, 0.000851469813, 0.999992132]","[-0.7071501, -0.00718097, 0.00838221, 0.70697731]","[0.58571911, 0.25180054, 0.28161517]","[0.50582165, 0.46690211, 0.27918068]",2
126,2024-05-16_13:49:02__clean,151,7,0.504,0.5496503114700317,0.1822671393317132,4.579440061000184,"[0.59565997, 0.16196141, 0.22141433]","[0.63356066, 0.13246062, 0.21540865]","[-0.00381366955, 0.000192194537, -0.0127531877, 0.999911368]","[-0.70806372, -0.00568621, 0.00437426, 0.70611215]","[0.59804183, 0.25987616, 0.28154245]","[0.52227634, 0.42564359, 0.28010744]",2
127,2024-05-16_13:49:02__clean,52,7,0.757,0.8316566348075867,0.3641469899763768,4.611448735434282,"[0.58341265, 0.15841386, 0.22152078]","[0.62002313, 0.13199475, 0.20777842]","[-0.0039611347, 0.000148554042, 0.00218870584, 0.999989748]","[-0.70824164, -0.0097479, 0.00702545, 0.70586783]","[0.58965176, 0.25554088, 0.28166252]","[0.49305129, 0.60662663, 0.27847293]",2
128,2024-05-16_13:49:02__clean,11,7,0.561,0.6305307745933533,0.2645412327634484,4.6271833662939255,"[0.58304602, 0.15230587, 0.22159606]","[0.61771405, 0.13081649, 0.21524404]","[-0.00424330216, -0.000207347257, 0.0095219668, 0.999945641]","[-0.70757437, -0.00414126, 0.00605968, 0.70660079]","[0.58290547, 0.25320944, 0.28177819]","[0.55500513, 0.51626664, 0.27964666]",2
129,2024-05-16_13:49:02__clean,38,7,0.696,0.7707974910736084,0.4538313950990412,4.659177836628867,"[0.58549917, 0.15382093, 0.22142908]","[0.60850883, 0.13052121, 0.20371282]","[-0.00332190469, 0.000505640812, 0.00390454172, 0.999986708]","[-0.70205879, -0.00843014, -0.00527507, 0.71204954]","[0.58536267, 0.2547698, 0.28185177]","[0.53183335, 0.70542431, 0.27901232]",2
130,2024-05-16_13:49:02__clean,28,7,0.63,0.7169596552848816,0.3376547304026437,4.624835102644684,"[0.59055644, 0.15538967, 0.22135523]","[0.62150466, 0.13137446, 0.21813323]","[-0.00382338255, -0.000766419747, 0.0105721876, 0.999936521]","[-0.70679122, 0.00138931, 0.00687662, 0.70738739]","[0.59009957, 0.25542253, 0.28187001]","[0.56981254, 0.59246188, 0.2799651]",2
131,2024-05-16_13:49:02__clean,37,7,0.686,0.773190438747406,0.3665936607026188,4.65061991990348,"[0.58676231, 0.15438125, 0.22139868]","[0.61690623, 0.13297021, 0.21855061]","[-0.00436175987, 0.000115631992, 0.00681168027, 0.999967277]","[-0.70875299, 0.000194976979, 0.00423330348, 0.705443978]","[0.58656365, 0.2550028, 0.28164956]","[0.55004758, 0.61976582, 0.27932]",2
132,2024-05-16_13:49:02__clean,63,7,0.816,0.8920997381210327,0.4762251433760382,4.698830663837471,"[0.58515137, 0.15625876, 0.22155434]","[0.60697651, 0.13355598, 0.216986]","[-0.00380750163, -0.0002439854, 0.00198910502, 0.999990761]","[-0.70932609, 0.003063, -0.00306741, 0.70486718]","[0.58500564, 0.256888, 0.28173545]","[0.57374084, 0.73297292, 0.27915815]",2
133,2024-05-16_13:49:02__clean,157,7,0.541,0.5788571834564209,0.1927278470584077,4.621908215792703,"[0.59031212, 0.16106209, 0.22143045]","[0.62653202, 0.14141743, 0.20026036]","[-0.00345408428, 6.57163182e-05, 0.0130405342, 0.999908984]","[-0.70635092, -0.0166154, 0.00770943, 0.70762479]","[0.58985078, 0.26275682, 0.28190842]","[0.53067392, 0.44616309, 0.27984336]",2
134,2024-05-16_13:49:02__clean,154,7,0.523,0.5878968834877014,0.1885866301222263,4.660501542623651,"[0.5897541, 0.16672772, 0.22140998]","[0.62615985, 0.14288841, 0.21587549]","[-0.00392218493, -2.75042999e-06, 0.00140067295, 0.999991298]","[-0.70816761, -0.00634537, 0.00472724, 0.70600003]","[0.58955276, 0.26728037, 0.28162655]","[0.54264838, 0.44992995, 0.27962014]",2
135,2024-05-16_13:49:02__clean,54,7,0.766,0.8529139757156372,0.3624853574797795,4.775991054490632,"[0.58220828, 0.15473264, 0.22162509]","[0.58496362, 0.1271949, 0.24340132]","[-0.00417491514, 0.000181168871, 0.00219046604, 0.999988854]","[-0.70353639, 0.01522219, -0.0119102, 0.71039635]","[0.58204955, 0.2553907, 0.2813741]","[0.65107381, 0.61124057, 0.2799041]",2
136,2024-05-16_13:49:02__clean,27,7,0.627,0.6893231868743896,0.27284838626433,4.590707896951605,"[0.58904082, 0.15342346, 0.22152314]","[0.62421119, 0.13180274, 0.20656259]","[-0.00384633499, 5.32508348e-05, 0.00912726298, 0.999950945]","[-0.70713317, -0.01203673, 0.00839119, 0.70692813]","[0.58898139, 0.2539866, 0.28161356]","[0.51943529, 0.51781571, 0.27966908]",2
137,2024-05-16_13:49:02__clean,19,7,0.608,0.6787002682685852,0.304766065265969,4.646020613560642,"[0.58733326, 0.15532762, 0.22157565]","[0.61751842, 0.13549788, 0.20476018]","[-0.00266914023, -0.000130707471, 0.00406601187, 0.999988139]","[-0.70080638, -0.0121639, -0.00109018, 0.713247]","[0.58724087, 0.25618353, 0.28177246]","[0.50455451, 0.5495109, 0.27967992]",2
138,2024-05-16_13:49:02__clean,55,7,0.766,0.8352585434913635,0.4796381929839077,4.646615097205634,"[0.58724988, 0.15450239, 0.22157681]","[0.61332667, 0.13194633, 0.20406783]","[-0.00181649718, 0.000272413978, 0.00220521539, 0.999995887]","[-0.700827, -0.01109146, -0.00443697, 0.71323127]","[0.58681285, 0.25620565, 0.28207448]","[0.48996896, 0.72595245, 0.27861023]",2
139,2024-05-16_13:49:02__clean,16,7,0.576,0.6565312743186951,0.3099308358225224,4.697246391297397,"[0.58155155, 0.15593752, 0.22159365]","[0.60558015, 0.13456942, 0.20842677]","[-0.00296936557, -2.66461666e-05, 0.00197141245, 0.999993622]","[-0.70321482, -0.00689803, -0.00506171, 0.71092594]","[0.58152926, 0.25667402, 0.2818414]","[0.53252345, 0.56269938, 0.27983257]",2
140,2024-05-16_13:49:02__clean,56,7,0.791,0.8746209740638733,0.4501789648614791,4.659596772457713,"[0.58345664, 0.15439156, 0.22155085]","[0.61042547, 0.13090871, 0.2147015]","[-0.00479452824, 0.000147899045, 0.00319726253, 0.99998337]","[-0.70875174, -0.00101207, 0.00195329, 0.70545453]","[0.58306378, 0.25598821, 0.28206486]","[0.5336259, 0.70343274, 0.27884144]",2
141,2024-05-16_13:49:02__clean,23,7,0.615,0.7062092423439026,0.3316711601192461,4.731861507470665,"[0.55158436, 0.14631847, 0.22132453]","[0.57501864, 0.12076318, 0.21767089]","[-0.00440118043, 0.00017397078, 7.77074092e-05, 0.999990284]","[-0.70543838, 0.00553613, -0.00302509, 0.70874321]","[0.55137169, 0.24711484, 0.28150052]","[0.53842878, 0.57852489, 0.27913028]",2
142,2024-05-16_13:49:02__clean,45,7,0.727,0.8136933445930481,0.3764344900226591,4.720947863631167,"[0.5852136, 0.16001841, 0.22134623]","[0.60893631, 0.13943362, 0.21452391]","[-0.00439615641, 6.35401229e-05, 0.0120243067, 0.999918044]","[-0.710246265, 0.00400112197, 0.000399483892, 0.703941762]","[0.5850206, 0.26042575, 0.28147563]","[0.60126764, 0.63650334, 0.27933002]",2
143,2024-05-16_13:49:02__clean,1,7,0.504,0.5889008641242981,0.2142757995402561,4.743730249585509,"[0.56087202, 0.15015277, 0.22158137]","[0.58620948, 0.12357213, 0.2458923]","[-0.00376216951, 0.000163704273, 0.00237455918, 0.999990106]","[-0.70314634, 0.01894101, -0.00091404, 0.71079224]","[0.56113297, 0.24990317, 0.28123468]","[0.5758087, 0.46367165, 0.27990162]",2
144,2024-05-16_13:49:02__clean,57,7,0.794,0.8704701662063599,0.4612452020214314,4.674936891463348,"[0.58382291, 0.15544024, 0.22152701]","[0.60794842, 0.13082904, 0.21611831]","[-0.00409891782, 0.000185353667, 0.00246545137, 0.999988556]","[-0.709032595, 0.00137166295, -0.000692158588, 0.705174029]","[0.58376521, 0.25596255, 0.28154477]","[0.5563212, 0.71638352, 0.27899587]",2
145,2024-05-16_13:49:02__clean,29,7,0.636,0.7080915570259094,0.3646530826203258,4.638245556511803,"[0.5885343, 0.15721446, 0.22145516]","[0.61936939, 0.13752358, 0.20115303]","[-0.00288885809, -5.50220284e-06, 0.0113919629, 0.999930918]","[-0.70112866, -0.01552393, 0.0030443, 0.71285927]","[0.58839309, 0.25778207, 0.28178617]","[0.50154328, 0.61193454, 0.27954814]",2
146,2024-05-16_13:49:02__clean,49,7,0.743,0.8246061205863953,0.3995757142460153,4.69910375209935,"[0.58793592, 0.15918502, 0.22123435]","[0.6129207, 0.13838556, 0.21529429]","[-0.00395946624, -0.000103548147, -7.59508339e-06, 0.999992132]","[-0.71007305, 0.00102812, -0.00096889, 0.7041266]","[0.58778137, 0.25965607, 0.28141254]","[0.54204071, 0.65659791, 0.27902126]",2
147,2024-05-16_13:49:02__clean,33,7,0.661,0.7337066531181335,0.3230721589156523,4.618443364854806,"[0.58679152, 0.15560985, 0.22130287]","[0.62116814, 0.13364671, 0.21064885]","[-0.00435654353, 0.000127472173, 0.0106109977, 0.999934196]","[-0.70797473, -0.00885928, 0.00771207, 0.7061401]","[0.58656776, 0.25632709, 0.28168914]","[0.5294717, 0.574305, 0.27929935]",2
148,2024-05-16_13:49:02__clean,17,7,0.6,0.6872968077659607,0.2581435874150895,4.659124787581344,"[0.58435756, 0.15393004, 0.22146577]","[0.61509597, 0.13388163, 0.21755238]","[-0.00445208559, 1.59294359e-06, 0.00193546643, 0.999988198]","[-0.70781022, -0.00334712, 0.00305541, 0.70638812]","[0.58396107, 0.25553077, 0.28195515]","[0.52447808, 0.50671309, 0.279248]",2
149,2024-05-16_13:49:02__clean,36,7,0.676,0.7322915196418762,0.2648698805750319,4.568279024396221,"[0.58121008, 0.15140152, 0.22130167]","[0.61819464, 0.1233949, 0.20989768]","[-0.00416529737, -7.57153612e-06, 0.00243118219, 0.999988377]","[-0.70690113, -0.01151895, 0.0110559, 0.70713216]","[0.58105844, 0.25204164, 0.28149194]","[0.4921909, 0.50155056, 0.27951375]",2
150,2024-05-16_13:49:02__clean,10,7,0.556,0.6512295007705688,0.2091537162314988,4.812149394993373,"[0.56569153, 0.15201381, 0.22147506]","[0.5734238, 0.12568125, 0.25210196]","[-0.00384880602, 0.000187768121, 0.00345882052, 0.999986589]","[-0.70300782, 0.0202441, -0.01060597, 0.71081483]","[0.56578141, 0.25203064, 0.28117904]","[0.59888172, 0.45854703, 0.2803857]",2
151,2024-05-16_13:49:02__clean,24,7,0.619,0.6932392120361328,0.2813480520198805,4.614731730053085,"[0.58569914, 0.15149578, 0.22158128]","[0.62084699, 0.13214934, 0.2139844]","[-0.00419675466, 0.000333249976, 0.0110267941, 0.999930322]","[-0.70708644, -0.00937574, 0.0072441, 0.70702779]","[0.58609873, 0.25322768, 0.28185415]","[0.52822626, 0.52854532, 0.27907914]",2
152,2024-05-16_13:49:02__clean,13,7,0.564,0.6513099074363708,0.3103117992867142,4.783058776170513,"[0.56090027, 0.1498979, 0.22127026]","[0.58026111, 0.1309631, 0.21896851]","[-0.00381742069, -1.35939536e-05, 0.000489415368, 0.999992609]","[-0.70253545, 0.0062274, -0.00318955, 0.71161437]","[0.56067348, 0.25173536, 0.28188902]","[0.56020898, 0.56203848, 0.27961534]",2
153,2024-05-16_13:49:02__clean,20,7,0.609,0.690156877040863,0.3509913063505085,4.725267547895984,"[0.57081819, 0.15497339, 0.22142538]","[0.59492379, 0.13274224, 0.20784321]","[-0.00380785693, -9.6798276e-06, 0.00182437524, 0.999991059]","[-0.70284665, -0.00437553, -0.0044228, 0.7113142]","[0.57076222, 0.25545132, 0.28138676]","[0.52125132, 0.60292846, 0.279596]",2
154,2024-05-16_13:49:02__clean,8,7,0.543,0.6227258443832397,0.2569469316869971,4.628902387342845,"[0.58682525, 0.15203467, 0.22159085]","[0.61806881, 0.12733652, 0.22505789]","[-0.0039320169, 0.00019592591, 0.00814791769, 0.999959052]","[-0.706930399, 0.0034143338, 0.000601245847, 0.707274616]","[0.58668584, 0.25258636, 0.28169459]","[0.586294, 0.50952488, 0.27965239]",2
155,2024-05-16_13:49:02__clean,44,7,0.726,0.8107694983482361,0.3216343162412337,4.791828205873734,"[0.58595473, 0.16129071, 0.22135055]","[0.59291238, 0.13424525, 0.24440661]","[-0.00554662757, 0.000495982415, 0.00277613872, 0.999980628]","[-0.70481652, 0.01487475, -0.01023815, 0.70915979]","[0.58571464, 0.26228881, 0.28116637]","[0.64094824, 0.57914275, 0.27995664]",2
156,2024-05-16_13:49:02__clean,59,7,0.796,0.8707808256149292,0.4340440360080826,4.739317182141165,"[0.58609736, 0.16515464, 0.22133043]","[0.60393143, 0.13939436, 0.21114676]","[-0.00448131515, 6.36113764e-05, 0.00622386206, 0.999970615]","[-0.70972502, 0.0012782, -0.00481699, 0.70446116]","[0.58592516, 0.26571593, 0.28156394]","[0.59982944, 0.69952923, 0.27893451]",2
157,2024-05-16_13:49:02__clean,12,7,0.562,0.6215263605117798,0.2583642599369126,4.629591183828787,"[0.57761931, 0.15036541, 0.22147936]","[0.61058247, 0.12848274, 0.20250732]","[-0.00165944896, 0.000289378746, 0.00634834636, 0.999978423]","[-0.700491786, -0.0122759128, 0.000419843826, 0.71355474]","[0.5772838, 0.2517395, 0.28185567]","[0.50671315, 0.50027043, 0.27979311]",2
158,2024-05-16_13:49:02__clean,6,7,0.54,0.6235013604164124,0.2441620581007311,4.677710926093704,"[0.58477306, 0.15574512, 0.22150841]","[0.61495805, 0.13343289, 0.22713348]","[-0.00442508375, 8.84273468e-05, 0.00762489624, 0.999961138]","[-0.707146287, 0.00496748649, -0.000706398685, 0.707049489]","[0.58454573, 0.25617328, 0.28169748]","[0.58490962, 0.50032693, 0.27970397]",2
159,2024-05-16_13:49:02__clean,58,7,0.796,0.8785444498062134,0.3873545772026753,4.741227397453061,"[0.57710046, 0.15092114, 0.22154433]","[0.58160299, 0.12018314, 0.24405368]","[-0.00377901201, 6.01145839e-05, 0.00377629348, 0.999985754]","[-0.70295644, 0.01623358, -0.00837825, 0.71099824]","[0.57721031, 0.25114161, 0.2812286]","[0.64721793, 0.63211435, 0.27972183]",2
160,2024-05-16_13:49:02__clean,3,7,0.52,0.6016801595687866,0.2489808076671777,4.706871082012322,"[0.57238841, 0.15255579, 0.22147208]","[0.60312825, 0.12918457, 0.23837994]","[-0.00468114577, 2.38349858e-05, 0.000760252238, 0.999988735]","[-0.70443916, 0.01936326, 0.00958421, 0.70943546]","[0.57223362, 0.25366282, 0.2816368]","[0.56459612, 0.5025205, 0.27991408]",2
161,2024-05-16_13:49:02__clean,32,7,0.658,0.7472891807556152,0.3035243746572176,4.7091120791155445,"[0.58788192, 0.15347144, 0.22160369]","[0.60025114, 0.12615074, 0.23837805]","[-0.00431281282, 0.00021809162, 0.00672811829, 0.999968052]","[-0.70236516, 0.01226284, -0.0065397, 0.71168113]","[0.5876897, 0.25392449, 0.2815975]","[0.62896502, 0.55462492, 0.27997038]",2
162,2024-05-16_13:49:02__clean,31,7,0.653,0.7389652729034424,0.3418720059963268,4.636370318989888,"[0.58421063, 0.15309751, 0.22159913]","[0.61444473, 0.13137749, 0.21015565]","[-0.00452950224, 7.71003979e-05, 0.00859167706, 0.999952853]","[-0.7073645, -0.00502715, 0.00614168, 0.70680445]","[0.5840652, 0.25388506, 0.28173465]","[0.53195536, 0.59175515, 0.27953583]",2
163,2024-05-16_13:49:02__clean,50,7,0.752,0.8206294775009155,0.3355170000998284,4.65628616211033,"[0.58605248, 0.15608388, 0.22137749]","[0.61684173, 0.13810728, 0.20949006]","[-0.00419740053, 0.000107377622, -0.00017665411, 0.999991179]","[-0.70929766, -0.00909319, 0.00771735, 0.70480818]","[0.58581519, 0.25701353, 0.28166187]","[0.46230176, 0.56895792, 0.27905723]",2
164,2024-05-16_13:49:02__clean,43,7,0.725,0.8048883080482483,0.3404516100761571,4.616259551678012,"[0.59054112, 0.15420935, 0.2215941]","[0.62203455, 0.13182333, 0.216316]","[-0.00439224113, 0.000257184467, 0.0013174495, 0.99998945]","[-0.70816904, -0.00376697, 0.00771589, 0.70599073]","[0.59027326, 0.25547394, 0.28204793]","[0.50130671, 0.5840804, 0.27887794]",2
165,2024-05-16_13:49:02__clean,48,7,0.737,0.8224939107894897,0.4095998842030274,4.65081652284074,"[0.58484316, 0.15854415, 0.2214191]","[0.61182296, 0.12986541, 0.21584927]","[-0.00408638828, 6.72455208e-05, 0.00665946351, 0.999969482]","[-0.70855391, -0.0009653, 0.00177308, 0.70565379]","[0.58484083, 0.25890833, 0.28163248]","[0.56094062, 0.66780365, 0.27929422]",2
166,2024-05-16_13:49:02__clean,26,7,0.622,0.6704685091972351,0.2288113045659548,4.590782638735684,"[0.58491468, 0.15462455, 0.22147074]","[0.62221682, 0.13203692, 0.20421837]","[-0.00384461414, 0.000289484742, 0.00968632288, 0.999945641]","[-0.70686531, -0.01464477, 0.01092143, 0.70711225]","[0.58497071, 0.25511649, 0.281578]","[0.50901008, 0.47094387, 0.27980635]",2
167,2024-05-16_13:49:02__clean,39,7,0.701,0.7770898938179016,0.3809201239363522,4.638331471794928,"[0.58205098, 0.15463287, 0.22153574]","[0.61321354, 0.13009346, 0.21390186]","[-0.00424595084, -6.50315778e-05, 0.00794083066, 0.999959469]","[-0.7080254, -0.0054581, 0.00405722, 0.70615423]","[0.58199131, 0.25522685, 0.281528]","[0.53406566, 0.63311303, 0.2792235]",2
168,2024-05-16_13:49:02__clean,21,7,0.611,0.703394889831543,0.3115225193069462,4.723501489360504,"[0.56847954, 0.15054888, 0.22139326]","[0.59503299, 0.13024992, 0.22249459]","[-0.00509787491, -0.000103868355, 0.00224025617, 0.999984503]","[-0.70660365, 0.00311238, -0.00142346, 0.70760131]","[0.56820184, 0.25193727, 0.28171745]","[0.54880601, 0.5628438, 0.27903196]",2
169,2024-05-16_13:49:02__clean,41,7,0.715,0.7955436706542969,0.3906223002811337,4.624105024842496,"[0.58704269, 0.15296301, 0.22168213]","[0.6162619, 0.12722887, 0.21800391]","[-0.00411399407, 0.000150913635, 0.00296903821, 0.999987125]","[-0.70880556, 0.00187419, 0.00328504, 0.70539379]","[0.58699155, 0.25372609, 0.2816579]","[0.54425156, 0.64199495, 0.27913427]",2
